company_name,cik,bucket,latest_periodic_filing,deregistration_date,form25_date
Verastem Inc,1526119,actively_filing,2026-05-07,,
Meiragtx Holdings Plc,1735438,actively_filing,2026-05-14,,
Sutro Biopharma Inc,1382101,actively_filing,2026-05-14,,
Vaccinex Inc,1205922,deregistered_or_delisted,2025-04-15,2025-03-27,2025-03-17
Liquidia Technologies Inc,1819576,actively_filing,2026-05-11,,
Replimune Group Inc,1737953,actively_filing,2026-06-29,,
Crinetics Pharmaceuticals Inc,1658247,actively_filing,2026-05-07,,
Entera Bio Ltd,1638097,actively_filing,2026-05-08,,
Autolus Therapeutics Ltd,1730463,actively_filing,2026-05-14,,
Verrica Pharmaceuticals Inc,1660334,actively_filing,2026-05-12,,
Scholar Rock Holding Corp,1727196,actively_filing,2026-05-07,,
Kodiak Sciences Inc,1468748,actively_filing,2026-05-07,,
Kiniksa Pharmaceuticals LTD,1730430,actively_filing,2026-04-28,,
Genprex,1595248,actively_filing,2026-05-13,,
Arcus Biosciences Inc,1724521,actively_filing,2026-05-05,,
Bioxcel Therapeutics Inc,1720893,actively_filing,2026-05-15,,
Evolus Inc,1570562,actively_filing,2026-05-04,,
Sol-Gel Technologies Ltd,1684693,stalled_filing,,,
Solid Biosciences LLC,1707502,actively_filing,2026-05-12,,
Cue Biopharma Inc,1645460,actively_filing,2026-05-14,,
Denali Therapeutics Inc,1714899,actively_filing,2026-05-07,,
InflaRx NV (Fireman BV?),1708688,stalled_filing,,,
Spero Therapeutics Inc,1701108,actively_filing,2026-05-13,,
Rhythm Pharmaceuticals Inc,1649904,actively_filing,2026-05-05,,
Arvinas Holding Co LLC,1655759,actively_filing,2026-05-11,,
Equillium,1746466,actively_filing,2026-05-13,,
Krystal Biotech Inc,1711279,actively_filing,2026-05-04,,
CNS Pharmaceuticals Inc,1729427,actively_filing,2026-05-14,,
Galera Therapeutics Inc,1563577,actively_filing,2026-05-14,,2024-09-06
Cabaletta Bio Inc,1759138,actively_filing,2026-05-14,,
Phathom Pharmaceuticals Inc,1783183,actively_filing,2026-04-30,,
Vir Biotechnology Inc,1706431,actively_filing,2026-05-07,,
BioNTech SE,1776985,stalled_filing,,,
Aprea Therapeutics Inc,1781983,actively_filing,2026-05-13,,
Mirum Pharmaceuticals Inc,1759425,actively_filing,2026-05-06,,
Fulcrum Therapeutics Inc,1680581,actively_filing,2026-04-27,,
BridgeBio Pharma Inc,1743881,actively_filing,2026-05-07,,
Stoke Therapeutics Inc,1623526,actively_filing,2026-05-07,,
Twist Bioscience Corp,1581280,actively_filing,2026-05-04,,
Bicycle Therapeutics Ltd,1761612,actively_filing,2026-04-30,,
Ideaya Biosciences Inc,1676725,actively_filing,2026-05-05,,
NextCure Inc,1661059,actively_filing,2026-05-07,,
Milestone Pharmaceuticals Inc,1408443,actively_filing,2026-05-13,,
Trevi Therapeutics Inc,1563880,actively_filing,2026-05-05,,
Precision Biosciences Inc,1357874,actively_filing,2026-05-05,,
Gossamer Bio Inc,1728117,actively_filing,2026-05-15,,
Alector Inc,1653087,actively_filing,2026-05-07,,
Inmune Bio Inc,1711754,actively_filing,2026-05-07,,
China Sxt Pharms Inc,1723980,stalled_filing,,,
Moderna Inc,1682852,actively_filing,2026-05-01,,
NuCana plc,1709626,stalled_filing,,,
Allogene Therapeutics Inc.,1737287,actively_filing,2026-05-13,,
Zai Lab Ltd,1704292,actively_filing,2026-05-07,,
uniQure BV,1590560,actively_filing,2026-05-05,,
Coherus Biosciences Inc,1512762,actively_filing,2026-05-11,,
Xenon Pharmaceuticals Inc,1582313,actively_filing,2026-05-07,,
ProQR Therapeutics BV,1612940,stalled_filing,,,
Ocular Therapeutix Inc,1393434,actively_filing,2026-05-05,,
Minerva Neurosciences Inc,1598646,actively_filing,2026-05-05,,
Ardelyx Inc,1437402,actively_filing,2026-04-30,,
Aldeyra Therapeutics Inc,1341235,actively_filing,2026-05-07,,
SCYNEXIS Inc,1178253,actively_filing,2026-05-11,,
Ultragenyx Pharmaceutical,1515673,actively_filing,2026-05-06,,
XBiotech Inc,1626878,actively_filing,2026-05-14,,
Xencor Inc,1326732,actively_filing,2026-05-06,,
Karyopharm Therapeutics,1503802,actively_filing,2026-05-14,,
MacroGenics,1125345,actively_filing,2026-05-13,,
Fate Therapeutics,1434316,actively_filing,2026-05-13,,
Esperion Therapeutics Inc,1434868,deregistered_or_delisted,2026-05-08,,2026-07-13
Enanta Pharmaceuticals Inc,1177648,actively_filing,2026-05-13,,
Zoetis Inc,1555280,actively_filing,2026-05-07,,
Kala Pharmaceuticals Inc,1479419,actively_filing,2026-05-15,,
Ascendis Pharma A/S,1612042,stalled_filing,,,
Akebia Therapeutics Inc,1517022,actively_filing,2026-05-07,,
CRISPR Therapeutics AG,1674416,actively_filing,2026-05-04,,
Syndax Pharmaceuticals Inc,1395937,actively_filing,2026-04-30,,
Ovid Therapeutics Inc,1636651,actively_filing,2026-05-12,,
Viking Therapeutics Inc,1607678,actively_filing,2026-04-30,,2021-04-08
Urogen Pharma Ltd,1668243,actively_filing,2026-05-06,,
Zymeworks Inc,1937653,actively_filing,2026-05-07,,2022-12-15
Beyondspring Inc,1677940,actively_filing,2026-05-13,,
AnaptysBio Inc,1370053,actively_filing,2026-05-12,,
AC Immune SA,1651625,stalled_filing,,,
Protagonist Therapeutics Inc,1377121,actively_filing,2026-05-05,,
Moleculin Biotech Inc,1659617,actively_filing,2026-05-14,,
Corvus Pharmaceuticals Inc,1626971,actively_filing,2026-05-07,,
Editas Medicine Inc,1650664,actively_filing,2026-05-05,,
Aclaris Therapeutics Inc,1557746,actively_filing,2026-05-07,,
Collegium Pharmaceutical Inc,1267565,actively_filing,2026-05-07,,
Seres Therapeutics Inc,1609809,actively_filing,2026-05-05,,
vTv Therapeutics Inc,1641489,actively_filing,2026-05-13,,
Regenxbio Inc,1590877,actively_filing,2026-05-14,,
CytomX Therapeutics Inc,1501989,actively_filing,2026-05-07,,
WaVe Life Sciences Ltd,1631574,actively_filing,2026-04-30,,
Voyager Therapeutics Inc,1640266,actively_filing,2026-05-07,,
Axsome Therapeutics Inc,1579428,actively_filing,2026-05-04,,
Lipocine Inc.,1535955,actively_filing,2026-05-07,,
"Stellar Biotechnologies, Inc.",1540159,actively_filing,2026-05-14,,
LBC Bioscience Inc.,1683743,stalled_filing,,,
Patheon N.V.,1643848,deregistered_or_delisted,2017-06-09,2017-09-13,2017-09-01
"Oncolix, Inc.",1584137,stalled_filing,2018-11-19,,
Aptalis Holdings Inc.,1588172,stalled_filing,,,
"Poseida Therapeutics, Inc.",1661460,deregistered_or_delisted,2024-11-07,2025-01-21,2025-01-08
"AntriaBio, Inc.",1509261,actively_filing,2026-05-12,,
"CARDAX, INC.",1544238,stalled_filing,2021-05-14,,
"Neurotrope, Inc.",1513856,deregistered_or_delisted,2020-11-09,,2020-12-02
"Health-Right Discoveries, Inc.",1537663,stalled_filing,2020-11-18,,
Osmotica Pharmaceuticals plc,1739426,deregistered_or_delisted,2023-08-14,,2023-11-20
Aralez Pharmaceuticals Inc.,1660719,deregistered_or_delisted,2018-05-08,,2018-09-27
"Dynamic Nutra Enterprises Holdings, Inc.",1520512,stalled_filing,2015-04-21,,
"Ignyta, Inc.",1557421,deregistered_or_delisted,2017-11-07,2018-02-20,2018-02-08
"Shuttle Pharmaceuticals, Inc.",1685462,stalled_filing,2017-11-20,,
"PAR PHARMACEUTICAL HOLDINGS, INC.",1559149,stalled_filing,,,
"Turning Point Therapeutics, Inc.",1595893,deregistered_or_delisted,2022-08-08,2022-08-29,2022-08-17
Iterum Therapeutics Ltd,1659323,deregistered_or_delisted,2025-11-14,,2026-06-23
Prevail Therapeutics Inc.,1714798,deregistered_or_delisted,2020-11-13,2021-02-01,2021-01-22
Axcella Health Inc.,1633070,deregistered_or_delisted,2023-08-03,,2024-02-15
"Zynerba Pharmaceuticals, Inc.",1621443,deregistered_or_delisted,2023-08-14,2023-10-19,2023-10-11
"Odonate Therapeutics, LLC",1717452,deregistered_or_delisted,2021-11-10,2022-02-07,2022-01-25
"Sienna Biopharmaceuticals, Inc.",1656328,deregistered_or_delisted,2019-11-12,2019-12-11,2020-02-05
4D Molecular Therapeutics Inc,1650648,actively_filing,2026-05-07,,
"Atreca, Inc.",1532346,deregistered_or_delisted,2023-11-14,2024-04-01,2024-03-20
"BeiGene, Ltd.",1651308,actively_filing,2026-05-06,,
"Spring Bank Pharmaceuticals, Inc.",1566373,deregistered_or_delisted,2022-11-10,2023-03-20,2023-03-09
"Adgero Biopharmaceuticals Holdings, Inc.",1657598,stalled_filing,,,
Phio Pharmaceuticals Corp.,1533040,actively_filing,2026-05-07,,2021-12-21
"TYME TECHNOLOGIES, INC.",1537917,deregistered_or_delisted,2022-08-09,2022-09-30,2022-09-16
"SpringWorks Therapeutics, Inc.",1773427,deregistered_or_delisted,2025-05-09,2025-07-11,2025-07-01
Urovant Sciences Ltd.,1740547,deregistered_or_delisted,2021-02-12,2021-04-08,2021-03-29
"Outlook Therapeutics, Inc.",1649989,actively_filing,2026-05-15,,2016-06-13
"SANCILIO PHARMACEUTICALS COMPANY, INC.",1641908,stalled_filing,,,
"Matinas BioPharma Holdings, Inc.",1582554,actively_filing,2026-05-08,,
Scopus Biopharma Inc.,1772028,deregistered_or_delisted,2023-08-11,2024-01-19,2023-03-03
Regen BioPharma Inc,1589150,actively_filing,2026-05-14,,
Celsus Therapeutics Plc.,1541157,actively_filing,2026-05-19,,
BiomX Inc.,1739174,actively_filing,2026-05-20,2024-10-31,2023-06-12
Zomedica Pharmaceuticals Corp.,1684144,actively_filing,2026-05-06,,2025-03-13
"Bellerophon Therapeutics, Inc.",1600132,deregistered_or_delisted,2023-11-14,2024-03-06,2023-12-27
"Kadmon Holdings, Inc.",1557142,stalled_filing,2021-11-04,2021-11-19,2020-10-23
"Zander Therapeutics, Inc",1718644,stalled_filing,2019-10-25,,
Aralez Pharmaceuticals Ltd,1648419,stalled_filing,,,
"Amneal Pharmaceuticals, Inc.",1723128,actively_filing,2026-05-07,2023-11-20,2023-11-08
"Nemus Bioscience, Inc.",1516551,actively_filing,2026-05-11,,
"RELMADA THERAPEUTICS, INC.",1553643,actively_filing,2026-05-12,,
PREMIER BIOMEDICAL INC,1515740,deregistered_or_delisted,2020-06-01,2021-06-15,
"Cell Source, Inc.",1569340,actively_filing,2026-05-14,2025-07-16,
"LEAP THERAPEUTICS, INC.",1509745,actively_filing,2026-05-14,,
"Evofem Biosciences, Inc.",1618835,actively_filing,2026-05-15,,2022-10-27
"NANOANTIBIOTICS, INC.",1580149,actively_filing,2026-05-11,,
"EYENOVIA, INC.",1682639,actively_filing,2026-05-15,,
Kannalife Inc,1615999,stalled_filing,2022-05-23,,
"ALPINE IMMUNE SCIENCES, INC.",1626199,deregistered_or_delisted,2024-05-09,2024-05-30,2024-05-20
"Enumeral Biomedical Holdings, Inc.",1561551,stalled_filing,2017-11-14,,
"Propanc Biopharma, Inc.",1517681,actively_filing,2026-05-14,,
"Frequency Therapeutics, Inc.",1703647,actively_filing,2026-05-07,,
"Y-mAbs Therapeutics, Inc.",1722964,deregistered_or_delisted,2025-08-08,2025-09-26,2025-09-16
"Durata Therapeutics, Inc.",1544116,deregistered_or_delisted,2014-11-07,2014-11-28,2014-11-17
"ARMO BioSciences, Inc.",1693664,deregistered_or_delisted,2018-05-15,2018-07-02,2018-06-22
"TFF Pharmaceuticals, Inc.",1733413,deregistered_or_delisted,2024-11-20,,2025-03-06
Principia Biopharma Inc.,1510487,deregistered_or_delisted,2020-08-06,2020-10-08,2020-09-28
"Braeburn Pharmaceuticals, Inc.",1688765,stalled_filing,,,
"Juno Therapeutics, Inc.",1594864,deregistered_or_delisted,2018-03-01,2018-03-16,2018-03-06
Egalet Corp,1586105,stalled_filing,2020-05-14,2020-06-01,2019-01-08
"AUDEO ONCOLOGY, INC.",1552899,stalled_filing,,,
"Inhibrx, Inc.",1739614,deregistered_or_delisted,2024-05-09,2024-06-10,2024-05-30
"Clearside Biomedical, Inc.",1539029,deregistered_or_delisted,2025-11-14,2026-01-07,2025-12-08
"BioCardia, Inc.",1635886,stalled_filing,,,
"G1 Therapeutics, Inc.",1560241,deregistered_or_delisted,2024-08-08,2024-09-30,2024-09-18
scPharmaceuticals Inc.,1604950,deregistered_or_delisted,2025-08-07,2025-10-17,2025-10-07
"Flex Pharma, Inc.",1615219,actively_filing,2026-05-08,,
MultiVir Inc.,1613490,stalled_filing,,,
FIBROGEN INC,921299,actively_filing,2026-05-12,,
Allakos Inc.,1564824,deregistered_or_delisted,2025-05-07,2025-05-27,2025-05-15
"Sage Therapeutics, Inc.",1597553,deregistered_or_delisted,2025-07-30,2025-08-11,2025-07-31
"Evelo Biosciences, Inc.",1694665,deregistered_or_delisted,2023-11-09,2024-01-26,2023-12-27
"Unum Therapeutics, Inc.",1622229,actively_filing,2026-05-05,,
"AveXis, Inc.",1652923,deregistered_or_delisted,2018-05-04,2018-06-04,2018-05-15
"Recro Pharma, Inc.",1588972,deregistered_or_delisted,2024-04-05,2024-04-18,2024-04-08
Abpro Corp,1670356,deregistered_or_delisted,,2018-05-17,
"Global Blood Therapeutics, Inc.",1629137,deregistered_or_delisted,2022-08-08,2022-10-17,2022-10-05
"Dance Biopharm, Inc.",1596126,stalled_filing,,,
"Surface Oncology, Inc.",1718108,deregistered_or_delisted,2023-08-02,2023-09-18,2023-09-08
Centrexion Therapeutics Corp,1592052,stalled_filing,,,
Regulus Therapeutics Inc.,1505512,deregistered_or_delisted,2025-05-08,2025-07-07,2025-06-25
"AKCEA THERAPEUTICS, INC.",1662524,deregistered_or_delisted,2020-08-05,2020-10-23,2020-10-13
"Kite Pharma, Inc.",1510580,deregistered_or_delisted,2017-08-08,2017-10-13,2017-10-03
"Accelerated Pharma, Inc.",1630970,stalled_filing,2020-04-22,,
"Versartis, Inc.",1513818,deregistered_or_delisted,2023-11-09,2024-02-08,2024-01-29
"ARATANA THERAPEUTICS, INC.",1509190,deregistered_or_delisted,2019-05-09,2019-07-29,2019-07-18
"Eidos Therapeutics, Inc.",1731831,deregistered_or_delisted,2020-10-29,2021-02-05,2021-01-26
"MICROLIN BIO, INC.",1590930,stalled_filing,,,
MyoKardia Inc,1552451,deregistered_or_delisted,2020-11-05,2020-11-27,2020-11-17
"Epizyme, Inc.",1571498,deregistered_or_delisted,2022-08-09,2022-08-23,2022-08-12
"Hoth Therapeutics, Inc.",1711786,actively_filing,2026-05-15,,
TCR2 THERAPEUTICS INC.,1750019,deregistered_or_delisted,2023-05-11,2023-06-12,2023-06-01
"CohBar, Inc.",1522602,deregistered_or_delisted,2023-08-14,,2023-12-27
Cerecor Inc.,1534120,actively_filing,2026-05-13,,2017-04-17
"Provention Bio, Inc.",1695357,deregistered_or_delisted,2023-03-29,2023-05-08,2023-04-27
"Tricida, Inc.",1595585,deregistered_or_delisted,2022-11-14,2023-06-13,2023-03-03
"Corium International, Inc.",1594337,deregistered_or_delisted,2018-08-10,2018-12-07,2018-11-27
"ALZHEON, INC.",1582636,stalled_filing,,,
"S1 Biopharma, Inc.",1613723,stalled_filing,,,
Zosano Pharma Corp,1587221,deregistered_or_delisted,2022-05-13,,2022-07-19
"Mirna Therapeutics, Inc.",1527599,deregistered_or_delisted,2026-05-14,,2026-05-18
"Loxo Oncology, Inc.",1581720,deregistered_or_delisted,2018-11-08,2019-02-25,2019-02-15
"Ruthigen, Inc.",1574235,actively_filing,2026-06-16,,
"Peloton Therapeutics, Inc.",1525145,stalled_filing,,,
"Cortexyme, Inc.",1662774,actively_filing,2026-05-11,,
"Translate Bio, Inc.",1693415,deregistered_or_delisted,2021-08-05,2021-09-24,2021-09-14
"Sun BioPharma, Inc.",1029125,actively_filing,2024-11-14,,2024-04-25
"Vyrix Pharmaceuticals, Inc.",1602413,stalled_filing,,,
"Synthorx, Inc.",1609727,deregistered_or_delisted,2019-11-05,2020-02-03,2020-01-23
"Morphic Holding, Inc.",1679363,deregistered_or_delisted,2024-07-25,2024-08-26,2024-08-16
Entasis Therapeutics Holdings Inc.,1724344,deregistered_or_delisted,2022-05-02,2022-07-21,2022-07-11
"AVROBIO, Inc.",1681087,actively_filing,2026-05-07,,
Axovant Sciences Ltd.,1636050,stalled_filing,2023-02-14,2023-04-25,2017-09-05
"Civitas Therapeutics, Inc.",1509697,stalled_filing,,,
HOOKIPA Pharma Inc.,1760542,deregistered_or_delisted,2025-05-15,2025-08-08,2025-07-29
"Forty Seven, Inc.",1667633,deregistered_or_delisted,2020-03-20,2020-04-17,2020-04-07
Sunset Island Group,1689066,stalled_filing,2020-05-22,,
Gemphire Therapeutics Inc.,1638287,actively_filing,2026-05-14,,
"LogicBio Therapeutics, Inc.",1664106,deregistered_or_delisted,2022-11-14,2022-11-29,2022-11-16
Angion Biomedica Corp.,1601485,actively_filing,2026-05-11,,
"89bio, Inc.",1785173,deregistered_or_delisted,2025-08-08,2025-11-10,2025-10-30
"Spark Therapeutics, Inc.",1609351,deregistered_or_delisted,2019-11-07,2019-12-27,2019-12-17
"Avalanche Biotechnologies, Inc.",1501756,deregistered_or_delisted,2025-11-12,2025-12-19,2025-12-09
Dermavant Sciences Ltd,1753483,stalled_filing,,,
SOPHIRIS BIO INC.,1563855,deregistered_or_delisted,2019-11-08,,2020-04-29
Beam Therapeutics Inc.,1745999,actively_filing,2026-05-07,,
Viamet Pharmaceuticals Holdings LLC,1538928,stalled_filing,,,
"Aridis Pharmaceuticals, Inc.",1614067,deregistered_or_delisted,2023-11-06,,2023-09-08
"Gritstone Oncology, Inc.",1656634,deregistered_or_delisted,2024-08-13,2025-04-04,2025-03-05
"Viela Bio, Inc.",1734517,deregistered_or_delisted,2021-03-15,2021-03-25,2021-03-15
"Aeglea BioTherapeutics, Inc.",1636282,actively_filing,2026-05-05,,
Aptinyx Inc.,1674365,deregistered_or_delisted,2023-05-18,,2023-07-10
"Codiak BioSciences, Inc.",1659352,deregistered_or_delisted,2022-11-03,,2023-05-02
"Cirius Therapeutics, Inc.",1702956,stalled_filing,,,
"Deciphera Pharmaceuticals, Inc.",1654151,deregistered_or_delisted,2024-05-10,2024-06-21,2024-06-11
"Jounce Therapeutics, Inc.",1640455,deregistered_or_delisted,2023-04-28,2023-05-15,2023-05-04
"Lumena Pharmaceuticals, Inc.",1513157,stalled_filing,,,
"RAPT Therapeutics, Inc.",1673772,deregistered_or_delisted,2025-11-06,2026-03-18,2026-03-03
"Rubius Therapeutics, Inc.",1709401,deregistered_or_delisted,2023-02-27,2023-04-10,2023-03-28
Blueprint Medicines Corp,1597264,deregistered_or_delisted,2025-05-01,2025-07-29,2025-07-18
"Dova Pharmaceuticals, Inc.",1685071,deregistered_or_delisted,2019-11-12,2019-11-22,2019-11-12
"Inpellis, Inc.",1638851,stalled_filing,,,
SteadyMed Ltd.,1619087,deregistered_or_delisted,2018-08-14,2018-09-10,2018-08-30
"Dermira, Inc.",1557883,deregistered_or_delisted,2019-11-05,2020-03-02,2020-02-20
"Cidara Therapeutics, Inc.",1610618,deregistered_or_delisted,2025-11-06,2026-01-20,2026-01-07
"resTORbio, Inc.",1720580,actively_filing,2026-05-20,,
"Aimmune Therapeutics, Inc.",1631650,deregistered_or_delisted,2020-07-30,2020-10-23,2020-10-13
"Harpoon Therapeutics, Inc.",1708493,deregistered_or_delisted,2023-11-09,2024-03-21,2024-03-11
Nexvet Biopharma plc,1618561,deregistered_or_delisted,2017-05-11,2017-08-10,2017-07-31
"Neon Therapeutics, Inc.",1694187,deregistered_or_delisted,2020-05-01,2020-05-18,2020-05-06
Myovant Sciences Ltd.,1679082,deregistered_or_delisted,2023-01-26,2023-03-20,2023-03-10
"Satsuma Pharmaceuticals, Inc.",1692830,deregistered_or_delisted,2023-05-11,2023-06-20,2023-06-08
"bluebird bio, Inc.",1293971,deregistered_or_delisted,2025-05-14,2025-06-12,2025-06-02
"Menlo Therapeutics, Inc.",1566044,actively_filing,2026-05-15,,
"Oyster Point Pharma, Inc.",1720725,deregistered_or_delisted,2022-11-10,2023-01-13,2023-01-03
"Kaleido Biosciences, Inc.",1751299,deregistered_or_delisted,2022-04-01,2022-05-06,2022-04-18
Applied Therapeutics Inc.,1697532,deregistered_or_delisted,2025-11-13,2026-02-13,2026-02-03
"Dimension Therapeutics, Inc.",1592288,deregistered_or_delisted,2017-11-06,2017-11-17,2017-11-07
"Homology Medicines, Inc.",1661998,actively_filing,2026-05-05,,
"Akero Therapeutics, Inc.",1744659,deregistered_or_delisted,2025-11-07,2025-12-19,2025-12-09
"Allena Pharmaceuticals, Inc.",1624658,deregistered_or_delisted,2022-08-15,,2022-09-14
"Audentes Therapeutics, Inc.",1628738,deregistered_or_delisted,2019-11-07,2020-01-27,2020-01-15
"IASO BioMed, Inc.",1662907,stalled_filing,2019-11-19,,
"Insys Therapeutics, Inc.",1516479,deregistered_or_delisted,2019-05-13,2020-02-11,2019-06-24
"Karuna Therapeutics, Inc.",1771917,deregistered_or_delisted,2024-03-14,2024-03-28,2024-03-18
"Magenta Therapeutics, Inc.",1690585,actively_filing,2026-05-05,,
"Novan, Inc.",1467154,deregistered_or_delisted,2023-05-15,,2023-09-08
PDS Biotechnology Corp,1472091,actively_filing,2026-05-14,,
"Dipexium Pharmaceuticals, LLC",1497504,deregistered_or_delisted,2022-11-10,2023-10-18,2023-05-02
"CEMPRA, INC.",1461993,deregistered_or_delisted,2019-11-12,,2020-02-05
"TESARO, Inc.",1491576,deregistered_or_delisted,2018-11-02,2019-02-01,2019-01-22
Pfenex Inc.,1478121,deregistered_or_delisted,2020-08-06,2020-10-05,2020-10-01
CONTRAFECT Corp,1478069,stalled_filing,2023-11-14,,2014-09-12
"HEAT BIOLOGICS, INC.",1476963,actively_filing,2026-02-17,,2022-02-11
"Calithera Biosciences, Inc.",1496671,deregistered_or_delisted,2023-03-31,2023-03-14,2023-03-03
"Clovis Oncology, Inc.",1466301,deregistered_or_delisted,2022-11-09,2023-07-11,2022-12-29
"OptiNose, Inc.",1494650,deregistered_or_delisted,2025-05-14,2025-06-02,2025-05-21
"Revance Therapeutics, Inc.",1479290,deregistered_or_delisted,2024-11-07,2025-02-18,2025-02-06
"Omthera Pharmaceuticals, Inc.",1477598,deregistered_or_delisted,2013-05-28,2013-07-29,2013-07-18
"Otonomy, Inc.",1493566,deregistered_or_delisted,2022-11-10,2023-04-04,2022-12-29
"Arsanis, Inc.",1501697,actively_filing,2026-05-06,,
"IGM Biosciences, Inc.",1496323,deregistered_or_delisted,2025-07-31,2025-08-25,2025-08-14
"Eleven Biotherapeutics, Inc.",1485003,deregistered_or_delisted,2025-11-12,2025-12-29,2025-12-15
"Ra Pharmaceuticals, Inc.",1481512,deregistered_or_delisted,2020-04-03,2020-04-13,2020-04-02
"Unity Biotechnology, Inc.",1463361,deregistered_or_delisted,2025-04-22,2026-01-02,2025-08-06
"Receptos, Inc.",1463729,deregistered_or_delisted,2015-07-30,2015-09-08,2015-08-27
"Annovis Bio, Inc.",1477845,actively_filing,2026-05-15,,2021-11-26
"Cancer Prevention Pharmaceuticals, Inc.",1471002,stalled_filing,,,
"Neos Therapeutics, Inc.",1467652,deregistered_or_delisted,2020-11-09,2021-03-30,2021-03-19
"ZS Pharma, Inc.",1459266,deregistered_or_delisted,2015-11-09,2015-12-28,2015-12-17
PORTOLA PHARMACEUTICALS INC,1269021,deregistered_or_delisted,2020-05-11,2020-07-13,2020-07-02
DiaMedica Therapeutics Inc.,1401040,actively_filing,2026-05-06,,
KOLLTAN PHARMACEUTICALS INC,1442835,stalled_filing,,,
ACCELERON PHARMA INC,1280600,deregistered_or_delisted,2021-11-04,2021-12-02,2021-11-22
"Novus Therapeutics, Inc.",1404281,actively_filing,2026-05-13,,
"CoLucid Pharmaceuticals, Inc.",1348649,deregistered_or_delisted,2016-11-09,2017-03-13,2017-03-01
MERRIMACK PHARMACEUTICALS INC,1274792,deregistered_or_delisted,2024-05-15,2024-05-20,2024-05-10
"AQUINOX PHARMACEUTICALS, INC",1404644,actively_filing,2026-05-12,,
Celladon Corp,1305253,deregistered_or_delisted,2024-04-29,2024-10-01,2024-04-25
Immune Design Corp.,1437786,deregistered_or_delisted,2019-03-28,2019-04-12,2019-04-02
"ADURO BIOTECH, INC.",1435049,deregistered_or_delisted,2023-08-07,2023-08-21,2023-08-11
Regado Biosciences Inc,1311596,deregistered_or_delisted,2016-09-09,2016-11-14,2016-11-01
"PROTEOSTASIS THERAPEUTICS, INC.",1445283,actively_filing,2025-05-15,2025-07-02,2024-10-15
EYEGATE PHARMACEUTICALS INC,1372514,actively_filing,2026-05-08,,2020-08-05
SELECTA BIOSCIENCES INC,1453687,actively_filing,2026-04-30,,
"Mersana Therapeutics, Inc.",1442836,deregistered_or_delisted,2025-11-14,2026-01-16,2026-01-06
PhaseBio Pharmaceuticals Inc,1169245,deregistered_or_delisted,2022-08-12,2024-09-30,2022-12-21
"Visterra, Inc.",1426375,stalled_filing,,,
"Athenex, Inc.",1300699,deregistered_or_delisted,2023-04-28,,2023-07-10
TREVENA INC,1429560,deregistered_or_delisted,2024-11-07,,2025-04-08
"Auspex Pharmaceuticals, Inc.",1454189,deregistered_or_delisted,2015-04-23,2015-05-15,2015-05-05
"Rib-X Pharmaceuticals, Inc.",1164994,stalled_filing,,,
CATABASIS PHARMACEUTICALS INC,1454789,deregistered_or_delisted,2025-11-12,2026-02-02,2026-01-23
Acucela Inc,1400482,deregistered_or_delisted,2017-05-10,2016-12-05,
GLYCOMIMETICS INC,1253689,actively_filing,2026-06-22,,
"Carbylan Therapeutics, Inc.",1348911,deregistered_or_delisted,2026-05-14,2026-06-22,2026-06-11
Dicerna Pharmaceuticals Inc,1399529,deregistered_or_delisted,2021-11-09,2022-01-10,2021-12-28
"KEMPHARM, INC",1434647,actively_filing,2026-05-06,,2020-08-11
TETRALOGIC PHARMACEUTICALS CORP,1361248,deregistered_or_delisted,2016-11-03,2016-12-02,2016-11-14
GLOBEIMMUNE INC,1245104,deregistered_or_delisted,2016-05-12,2016-07-25,2016-07-15
Cerulean Pharma Inc.,1401914,actively_filing,2026-05-14,,
STEMLINE THERAPEUTICS INC,1264587,deregistered_or_delisted,2020-05-11,2020-06-22,2020-06-10
HYPERION THERAPEUTICS INC,1386858,deregistered_or_delisted,2015-05-06,2015-05-18,2015-05-07
"BIND Therapeutics, Inc",1385228,deregistered_or_delisted,2016-08-15,2017-01-30,2016-09-26
"PHASERX, INC.",1429386,deregistered_or_delisted,2017-11-09,,2018-04-19
FIVE PRIME THERAPEUTICS INC,1175505,deregistered_or_delisted,2021-03-22,2021-04-26,2021-04-16
Conatus Pharmaceuticals Inc,1383701,deregistered_or_delisted,2023-11-09,2024-01-04,2023-10-12
PROTEON THERAPEUTICS INC,1359931,actively_filing,2026-05-13,,
Virobay Inc,1374261,stalled_filing,,,
THAR PHARMACEUTICALS INC,1428369,stalled_filing,,,
aTYR PHARMA INC,1339970,actively_filing,2026-05-15,,
"Conkwest, Inc.",1326110,actively_filing,2026-05-07,,
VITAL THERAPIES INC,1280776,actively_filing,2026-05-13,,
INOTEK PHARMACEUTICALS CORP,1281895,actively_filing,2026-05-07,,
KYTHERA BIOPHARMACEUTICALS INC,1436304,deregistered_or_delisted,2015-08-06,2015-10-13,2015-10-01
"CONCERT PHARMACEUTICALS, INC.",1367920,deregistered_or_delisted,2022-11-07,2023-03-16,2023-03-06
AERIE PHARMACEUTICALS INC,1337553,deregistered_or_delisted,2022-11-04,2022-12-01,2022-11-21
"Tobira Therapeutics, Inc.",1409690,stalled_filing,,,
AILERON THERAPEUTICS INC,1420565,actively_filing,2026-05-15,,
Tocagen Inc,1419041,actively_filing,2026-05-11,,
"GENOCEA BIOSCIENCES, INC.",1457612,deregistered_or_delisted,2022-05-05,2022-06-13,2022-06-02
TETRAPHASE PHARMACEUTICALS INC,1373707,deregistered_or_delisted,2020-05-07,2020-08-31,2020-07-28
AMBRX INC,1264647,stalled_filing,,,
"EAGLE PHARMACEUTICALS, INC.",827871,deregistered_or_delisted,2023-08-09,2025-01-24,2024-11-26
"NephroGenex, Inc.",1338095,deregistered_or_delisted,2016-03-29,,2016-05-19
NGM BIOPHARMACEUTICALS INC,1426332,deregistered_or_delisted,2024-04-04,2024-04-15,2024-04-05
"CHIASMA, INC",1339469,deregistered_or_delisted,2021-05-05,2021-08-11,2021-08-05
"Vitae Pharmaceuticals, Inc",1157602,deregistered_or_delisted,2016-08-04,2016-11-04,2016-10-25
"Onconova Therapeutics, Inc.",1130598,actively_filing,2026-05-15,,2021-07-23
CHIMERIX INC,1117480,deregistered_or_delisted,2025-04-16,2025-05-01,2025-04-21
Achaogen Inc,1301501,deregistered_or_delisted,2019-04-01,2019-08-16,2019-05-02
Evoke Pharma Inc,1403708,deregistered_or_delisted,2025-11-13,2025-12-30,2025-12-17
PARATEK PHARMACEUTICALS INC,1037643,stalled_filing,,,
CONSTELLATION PHARMACEUTICALS INC,1434418,deregistered_or_delisted,2021-05-10,2021-07-26,2021-07-15
AGILE THERAPEUTICS INC,1261249,deregistered_or_delisted,2024-08-12,2024-09-30,2024-06-03
"Cara Therapeutics, Inc.",1346830,actively_filing,2026-05-08,,
Ophthotech Corp.,1410939,deregistered_or_delisted,2023-05-10,2023-07-21,2023-07-11
Relypsa Inc,1416792,deregistered_or_delisted,2016-08-04,2016-09-12,2016-09-01
ANTERIOS INC,1390085,stalled_filing,,,
ProNAi Therapeutics Inc,1290149,deregistered_or_delisted,2022-05-06,2022-07-11,2022-07-01
ALDER BIOPHARMACEUTICALS INC,1423824,deregistered_or_delisted,2019-08-06,2019-11-01,2019-10-22
"BELLICUM PHARMACEUTICALS, INC",1358403,deregistered_or_delisted,2023-11-14,2024-03-01,2023-07-10
MARINUS PHARMACEUTICALS INC,1267813,deregistered_or_delisted,2024-11-12,2025-02-21,2025-02-11
OncoMed Pharmaceuticals Inc,1302573,deregistered_or_delisted,2019-03-07,2019-05-03,2019-04-23
APPLIED GENETIC TECHNOLOGIES CORP,1273636,deregistered_or_delisted,2022-11-21,2022-12-12,2022-12-01
Adamas Pharmaceuticals Inc,1328143,deregistered_or_delisted,2021-11-10,2021-12-06,2021-11-24
PLX PHARMA INC.,1291520,stalled_filing,,,
Flexion Therapeutics Inc,1419600,deregistered_or_delisted,2021-11-12,2021-11-29,2021-11-19
"ZAFGEN, INC.",1374690,actively_filing,2026-05-14,,
Aquestive Therapeutics Inc,1398733,actively_filing,2026-05-13,,
Amphastar Pharmaceuticals Inc,1297184,actively_filing,2026-05-07,,
PTC Therapeutics Inc,1070081,actively_filing,2026-05-07,,
Atossa Genetics Inc,1488039,actively_filing,2026-05-08,,
