company_name,cik,pre_ipo_trial_count,pre_ipo_max_phase_rank,pre_ipo_conditions_targeted,pre_ipo_had_terminated_or_withdrawn
Verastem Inc,0001526119,2,1.0,4,False
Meiragtx Holdings Plc,0001735438,1,1.0,3,False
Sutro Biopharma Inc,0001382101,1,1.0,8,False
Vaccinex Inc,0001205922,4,2.0,4,False
Liquidia Technologies Inc,0001819576,3,3.0,3,False
Aquestive Therapeutics Inc,0001398733,6,3.0,4,True
Replimune Group Inc,0001737953,1,2.0,4,False
Crinetics Pharmaceuticals Inc,0001658247,1,1.0,1,False
Entera Bio Ltd,0001638097,4,2.0,3,False
Autolus Therapeutics Ltd,0001730463,0,,0,False
Verrica Pharmaceuticals Inc,0001660334,4,3.0,13,False
Scholar Rock Holding Corp,0001727196,0,,0,False
Kodiak Sciences Inc,0001468748,0,,0,False
Kiniksa Pharmaceuticals LTD,0001730430,1,2.0,1,False
Genprex,0001595248,1,2.0,1,True
Arcus Biosciences Inc,0001724521,0,,0,False
Bioxcel Therapeutics Inc,0001720893,0,,0,False
Evolus Inc,0001570562,4,3.0,1,False
Sol-Gel Technologies Ltd,0001684693,3,2.0,3,True
Solid Biosciences LLC,0001707502,1,2.0,1,False
Cue Biopharma Inc,0001645460,0,,0,False
Denali Therapeutics Inc,0001714899,2,1.0,1,False
InflaRx NV (Fireman BV?),0001708688,0,,0,False
Spero Therapeutics Inc,0001701108,2,1.0,1,False
Rhythm Pharmaceuticals Inc,0001649904,9,3.0,11,False
Arvinas Holding Co LLC,0001655759,0,,0,False
Equillium,0001746466,0,,0,False
Krystal Biotech Inc,0001711279,0,,0,False
CNS Pharmaceuticals Inc,0001729427,0,,0,False
Galera Therapeutics Inc,0001563577,12,3.0,10,False
Cabaletta Bio Inc,0001759138,0,,0,False
Phathom Pharmaceuticals Inc,0001783183,0,,0,False
Vir Biotechnology Inc,0001706431,2,2.0,2,False
BioNTech SE,0001776985,3,1.0,9,False
Aprea Therapeutics Inc,0001781983,6,3.0,7,True
Mirum Pharmaceuticals Inc,0001759425,20,3.0,16,True
Fulcrum Therapeutics Inc,0001680581,0,,0,False
BridgeBio Pharma Inc,0001743881,0,,0,False
Stoke Therapeutics Inc,0001623526,0,,0,False
Twist Bioscience Corp,0001581280,0,,0,False
Bicycle Therapeutics Ltd,0001761612,0,,0,False
Ideaya Biosciences Inc,0001676725,0,,0,False
NextCure Inc,0001661059,1,2.0,9,False
Milestone Pharmaceuticals Inc,0001408443,4,3.0,2,True
Trevi Therapeutics Inc,0001563880,7,3.0,7,False
Precision Biosciences Inc,0001357874,0,,0,False
Gossamer Bio Inc,0001728117,0,,0,False
Alector Inc,0001653087,2,1.0,3,False
Inmune Bio Inc,0001711754,0,,0,False
China Sxt Pharms Inc,0001723980,0,,0,False
Moderna Inc,0001682852,0,,0,False
NuCana plc,0001709626,0,,0,False
Allogene Therapeutics Inc.,0001737287,0,,0,False
Zai Lab Ltd,0001704292,4,3.0,6,False
uniQure BV,0001590560,1,2.0,1,False
Coherus Biosciences Inc,0001512762,0,,0,False
Xenon Pharmaceuticals Inc,0001582313,5,2.0,5,False
ProQR Therapeutics BV,0001612940,0,,0,False
Ocular Therapeutix Inc,0001393434,8,3.0,9,False
Minerva Neurosciences Inc,0001598646,0,,0,False
Amphastar Pharmaceuticals Inc,0001297184,16,3.0,6,True
Ardelyx Inc,0001437402,14,3.0,11,False
Aldeyra Therapeutics Inc,0001341235,0,,0,False
SCYNEXIS Inc,0001178253,2,2.0,2,False
Ultragenyx Pharmaceutical,0001515673,9,2.0,12,True
XBiotech Inc,0001626878,0,,0,False
Xencor Inc,0001326732,2,1.0,4,False
Karyopharm Therapeutics,0001503802,3,1.0,3,False
MacroGenics,0001125345,13,3.0,20,True
Fate Therapeutics,0001434316,3,2.0,7,True
Esperion Therapeutics Inc,0001434868,6,2.0,6,False
PTC Therapeutics Inc,0001070081,21,3.0,21,True
Enanta Pharmaceuticals Inc,0001177648,2,2.0,2,False
Zoetis Inc,0001555280,0,,0,False
Kala Pharmaceuticals Inc,0001479419,7,3.0,7,False
Atossa Genetics Inc,0001488039,0,,0,False
Ascendis Pharma A/S,0001612042,4,2.0,4,True
Akebia Therapeutics Inc,0001517022,5,2.0,4,False
CRISPR Therapeutics AG,0001674416,0,,0,False
Syndax Pharmaceuticals Inc,0001395937,9,2.0,14,True
Ovid Therapeutics Inc,0001636651,0,,0,False
Viking Therapeutics Inc,0001607678,0,,0,False
Urogen Pharma Ltd,0001668243,9,3.0,14,True
Zymeworks Inc,0001937653,0,,0,False
Beyondspring Inc,0001677940,1,3.0,1,False
AnaptysBio Inc,0001370053,0,,0,False
AC Immune SA,0001651625,1,1.0,1,False
Protagonist Therapeutics Inc,0001377121,0,,0,False
Moleculin Biotech Inc,0001659617,0,,0,False
Corvus Pharmaceuticals Inc,0001626971,1,1.0,2,False
Editas Medicine Inc,0001650664,0,,0,False
Aclaris Therapeutics Inc,0001557746,3,2.0,2,False
Collegium Pharmaceutical Inc,0001267565,1,3.0,1,False
Seres Therapeutics Inc,0001609809,1,2.0,1,False
vTv Therapeutics Inc,0001641489,8,3.0,8,True
Regenxbio Inc,0001590877,0,,0,False
CytomX Therapeutics Inc,0001501989,0,,0,False
WaVe Life Sciences Ltd,0001631574,0,,0,False
Voyager Therapeutics Inc,0001640266,0,,0,False
Axsome Therapeutics Inc,0001579428,1,3.0,2,False
Lipocine Inc.,0001535955,0,,0,False
"Stellar Biotechnologies, Inc.",0001540159,0,,0,False
LBC Bioscience Inc.,0001683743,0,,0,False
Patheon N.V.,0001643848,0,,0,False
"Oncolix, Inc.",0001584137,1,1.0,3,False
Aptalis Holdings Inc.,0001588172,0,,0,False
"Poseida Therapeutics, Inc.",0001661460,3,2.0,18,True
"AntriaBio, Inc.",0001509261,0,,0,False
"CARDAX, INC.",0001544238,0,,0,False
"Neurotrope, Inc.",0001513856,1,2.0,1,True
"Health-Right Discoveries, Inc.",0001537663,0,,0,False
Osmotica Pharmaceuticals plc,0001739426,0,,0,False
Aralez Pharmaceuticals Inc.,0001660719,0,,0,False
"Ignyta, Inc.",0001557421,0,,0,False
"Shuttle Pharmaceuticals, Inc.",0001685462,0,,0,False
"PAR PHARMACEUTICAL HOLDINGS, INC.",0001559149,35,3.0,12,True
"Turning Point Therapeutics, Inc.",0001595893,1,2.0,2,False
Iterum Therapeutics Ltd,0001659323,1,4.0,2,False
Prevail Therapeutics Inc.,0001714798,0,,0,False
Axcella Health Inc.,0001633070,2,-1.0,2,False
"Zynerba Pharmaceuticals, Inc.",0001621443,0,,0,False
"Odonate Therapeutics, LLC",0001717452,0,,0,False
"Sienna Biopharmaceuticals, Inc.",0001656328,0,,0,False
4D Molecular Therapeutics Inc,0001650648,4,2.0,3,True
"Atreca, Inc.",0001532346,0,,0,False
"BeiGene, Ltd.",0001651308,32,3.0,40,False
"Spring Bank Pharmaceuticals, Inc.",0001566373,0,,0,False
"Adgero Biopharmaceuticals Holdings, Inc.",0001657598,0,,0,False
Phio Pharmaceuticals Corp.,0001533040,0,,0,False
"TYME TECHNOLOGIES, INC.",0001537917,0,,0,False
"SpringWorks Therapeutics, Inc.",0001773427,1,3.0,2,False
Urovant Sciences Ltd.,0001740547,5,3.0,2,True
"Outlook Therapeutics, Inc.",0001649989,0,,0,False
"SANCILIO PHARMACEUTICALS COMPANY, INC.",0001641908,0,,0,False
"Matinas BioPharma Holdings, Inc.",0001582554,0,,0,False
Scopus Biopharma Inc.,0001772028,0,,0,False
Regen BioPharma Inc,0001589150,0,,0,False
Celsus Therapeutics Plc.,0001541157,0,,0,False
BiomX Inc.,0001739174,0,,0,False
Zomedica Pharmaceuticals Corp.,0001684144,0,,0,False
"Bellerophon Therapeutics, Inc.",0001600132,0,,0,False
"Kadmon Holdings, Inc.",0001557142,15,4.0,16,True
"Zander Therapeutics, Inc",0001718644,0,,0,False
Aralez Pharmaceuticals Ltd,0001648419,0,,0,False
"Amneal Pharmaceuticals, Inc.",0001723128,10,3.0,14,False
"Nemus Bioscience, Inc.",0001516551,0,,0,False
"RELMADA THERAPEUTICS, INC.",0001553643,0,,0,False
PREMIER BIOMEDICAL INC,0001515740,0,,0,False
"Cell Source, Inc.",0001569340,0,,0,False
"LEAP THERAPEUTICS, INC.",0001509745,6,1.0,13,False
"Evofem Biosciences, Inc.",0001618835,0,,0,False
"NANOANTIBIOTICS, INC.",0001580149,0,,0,False
"EYENOVIA, INC.",0001682639,1,2.0,1,False
Kannalife Inc,0001615999,0,,0,False
"ALPINE IMMUNE SCIENCES, INC.",0001626199,0,,0,False
"Enumeral Biomedical Holdings, Inc.",0001561551,0,,0,False
"Propanc Biopharma, Inc.",0001517681,0,,0,False
"Frequency Therapeutics, Inc.",0001703647,2,2.0,2,False
"Y-mAbs Therapeutics, Inc.",0001722964,4,2.0,6,True
"Durata Therapeutics, Inc.",0001544116,0,,0,False
"ARMO BioSciences, Inc.",0001693664,0,,0,False
"TFF Pharmaceuticals, Inc.",0001733413,0,,0,False
Principia Biopharma Inc.,0001510487,3,2.0,4,True
"Braeburn Pharmaceuticals, Inc.",0001688765,8,3.0,7,False
"Juno Therapeutics, Inc.",0001594864,0,,0,False
Egalet Corp,0001586105,17,3.0,10,True
"AUDEO ONCOLOGY, INC.",0001552899,0,,0,False
"Inhibrx, Inc.",0001739614,4,2.0,18,True
"Clearside Biomedical, Inc.",0001539029,4,3.0,10,False
"BioCardia, Inc.",0001635886,1,1.0,2,False
"G1 Therapeutics, Inc.",0001560241,6,2.0,7,True
scPharmaceuticals Inc.,0001604950,5,3.0,2,False
"Flex Pharma, Inc.",0001615219,0,,0,False
MultiVir Inc.,0001613490,0,,0,False
FIBROGEN INC,0000921299,0,,0,False
Allakos Inc.,0001564824,7,2.0,10,False
"Sage Therapeutics, Inc.",0001597553,0,,0,False
"Evelo Biosciences, Inc.",0001694665,0,,0,False
"Unum Therapeutics, Inc.",0001622229,0,,0,False
"AveXis, Inc.",0001652923,0,,0,False
"Recro Pharma, Inc.",0001588972,0,,0,False
Abpro Corp,0001670356,0,,0,False
"Global Blood Therapeutics, Inc.",0001629137,2,1.0,3,False
"Dance Biopharm, Inc.",0001596126,2,2.0,2,False
"Surface Oncology, Inc.",0001718108,1,1.0,2,False
Centrexion Therapeutics Corp,0001592052,12,3.0,9,True
Regulus Therapeutics Inc.,0001505512,0,,0,False
"AKCEA THERAPEUTICS, INC.",0001662524,3,3.0,6,True
"Kite Pharma, Inc.",0001510580,0,,0,False
"Accelerated Pharma, Inc.",0001630970,0,,0,False
"Versartis, Inc.",0001513818,3,3.0,2,True
"ARATANA THERAPEUTICS, INC.",0001509190,0,,0,False
"Eidos Therapeutics, Inc.",0001731831,2,2.0,3,False
"MICROLIN BIO, INC.",0001590930,0,,0,False
MyoKardia Inc,0001552451,3,1.0,2,False
"Epizyme, Inc.",0001571498,1,1.0,4,False
"Hoth Therapeutics, Inc.",0001711786,0,,0,False
TCR2 THERAPEUTICS INC.,0001750019,0,,0,False
"CohBar, Inc.",0001522602,0,,0,False
Cerecor Inc.,0001534120,0,,0,False
"Provention Bio, Inc.",0001695357,2,2.0,2,False
"Tricida, Inc.",0001595585,3,3.0,2,False
"Corium International, Inc.",0001594337,0,,0,False
"ALZHEON, INC.",0001582636,2,1.0,1,False
"S1 Biopharma, Inc.",0001613723,1,2.0,2,False
Zosano Pharma Corp,0001587221,2,2.0,2,False
"Mirna Therapeutics, Inc.",0001527599,1,1.0,7,True
"Loxo Oncology, Inc.",0001581720,0,,0,False
"Ruthigen, Inc.",0001574235,0,,0,False
"Peloton Therapeutics, Inc.",0001525145,0,,0,False
"Cortexyme, Inc.",0001662774,3,3.0,2,False
"Translate Bio, Inc.",0001693415,0,,0,False
"Sun BioPharma, Inc.",0001029125,0,,0,False
"Vyrix Pharmaceuticals, Inc.",0001602413,0,,0,False
"Synthorx, Inc.",0001609727,0,,0,False
"Morphic Holding, Inc.",0001679363,14,2.0,3,True
Entasis Therapeutics Holdings Inc.,0001724344,6,2.0,5,False
"AVROBIO, Inc.",0001681087,1,2.0,1,True
Axovant Sciences Ltd.,0001636050,1,2.0,1,True
"Civitas Therapeutics, Inc.",0001509697,0,,0,False
HOOKIPA Pharma Inc.,0001760542,0,,0,False
"Forty Seven, Inc.",0001667633,0,,0,False
Sunset Island Group,0001689066,0,,0,False
Gemphire Therapeutics Inc.,0001638287,0,,0,False
"LogicBio Therapeutics, Inc.",0001664106,0,,0,False
Angion Biomedica Corp.,0001601485,7,3.0,6,True
"89bio, Inc.",0001785173,1,2.0,1,False
"Spark Therapeutics, Inc.",0001609351,6,3.0,5,True
"Avalanche Biotechnologies, Inc.",0001501756,0,,0,False
Dermavant Sciences Ltd,0001753483,3,2.0,1,False
SOPHIRIS BIO INC.,0001563855,5,2.0,4,True
Beam Therapeutics Inc.,0001745999,0,,0,False
Viamet Pharmaceuticals Holdings LLC,0001538928,0,,0,False
"Aridis Pharmaceuticals, Inc.",0001614067,3,2.0,3,False
"Gritstone Oncology, Inc.",0001656634,0,,0,False
"Viela Bio, Inc.",0001734517,0,,0,False
"Aeglea BioTherapeutics, Inc.",0001636282,1,2.0,1,False
Aptinyx Inc.,0001674365,3,2.0,3,False
"Codiak BioSciences, Inc.",0001659352,1,2.0,1,False
"Cirius Therapeutics, Inc.",0001702956,1,2.0,3,False
"Deciphera Pharmaceuticals, Inc.",0001654151,4,2.0,13,True
"Jounce Therapeutics, Inc.",0001640455,1,2.0,1,False
"Lumena Pharmaceuticals, Inc.",0001513157,0,,0,False
"RAPT Therapeutics, Inc.",0001673772,3,2.0,3,True
"Rubius Therapeutics, Inc.",0001709401,0,,0,False
Blueprint Medicines Corp,0001597264,0,,0,False
"Dova Pharmaceuticals, Inc.",0001685071,0,,0,False
"Inpellis, Inc.",0001638851,0,,0,False
SteadyMed Ltd.,0001619087,0,,0,False
"Dermira, Inc.",0001557883,6,2.0,5,False
"Cidara Therapeutics, Inc.",0001610618,0,,0,False
"resTORbio, Inc.",0001720580,1,2.0,1,False
"Aimmune Therapeutics, Inc.",0001631650,2,2.0,1,False
"Harpoon Therapeutics, Inc.",0001708493,0,,0,False
Nexvet Biopharma plc,0001618561,0,,0,False
"Neon Therapeutics, Inc.",0001694187,0,,0,False
Myovant Sciences Ltd.,0001679082,1,1.0,1,False
"Satsuma Pharmaceuticals, Inc.",0001692830,2,3.0,3,False
"bluebird bio, Inc.",0001293971,0,,0,False
"Menlo Therapeutics, Inc.",0001566044,0,,0,False
"Oyster Point Pharma, Inc.",0001720725,8,3.0,4,False
"Kaleido Biosciences, Inc.",0001751299,6,-1.0,3,False
Applied Therapeutics Inc.,0001697532,0,,0,False
"Dimension Therapeutics, Inc.",0001592288,0,,0,False
"Homology Medicines, Inc.",0001661998,0,,0,False
"Akero Therapeutics, Inc.",0001744659,1,2.0,1,False
"Allena Pharmaceuticals, Inc.",0001624658,4,2.0,5,False
"Audentes Therapeutics, Inc.",0001628738,0,,0,False
"IASO BioMed, Inc.",0001662907,0,,0,False
"Insys Therapeutics, Inc.",0001516479,25,3.0,20,True
"Karuna Therapeutics, Inc.",0001771917,0,,0,False
"Magenta Therapeutics, Inc.",0001690585,1,2.0,1,False
"Novan, Inc.",0001467154,15,3.0,5,False
PDS Biotechnology Corp,0001472091,1,1.0,1,False
"Dipexium Pharmaceuticals, LLC",0001497504,0,,0,False
"CEMPRA, INC.",0001461993,0,,0,False
"TESARO, Inc.",0001491576,7,3.0,8,True
Pfenex Inc.,0001478121,1,2.0,1,False
CONTRAFECT Corp,0001478069,0,,0,False
"HEAT BIOLOGICS, INC.",0001476963,1,2.0,1,True
"Calithera Biosciences, Inc.",0001496671,6,2.0,20,False
"Clovis Oncology, Inc.",0001466301,3,2.0,2,False
"OptiNose, Inc.",0001494650,9,3.0,8,False
"Revance Therapeutics, Inc.",0001479290,11,3.0,4,True
"Omthera Pharmaceuticals, Inc.",0001477598,0,,0,False
"Otonomy, Inc.",0001493566,5,3.0,3,False
"Arsanis, Inc.",0001501697,1,2.0,2,True
"IGM Biosciences, Inc.",0001496323,0,,0,False
"Eleven Biotherapeutics, Inc.",0001485003,4,3.0,4,False
"Ra Pharmaceuticals, Inc.",0001481512,0,,0,False
"Unity Biotechnology, Inc.",0001463361,1,-1.0,1,False
"Receptos, Inc.",0001463729,0,,0,False
"Annovis Bio, Inc.",0001477845,2,2.0,2,True
"Cancer Prevention Pharmaceuticals, Inc.",0001471002,3,3.0,2,True
"Neos Therapeutics, Inc.",0001467652,1,3.0,1,False
"ZS Pharma, Inc.",0001459266,5,4.0,3,True
PORTOLA PHARMACEUTICALS INC,0001269021,14,3.0,10,True
DiaMedica Therapeutics Inc.,0001401040,3,2.0,3,False
KOLLTAN PHARMACEUTICALS INC,0001442835,0,,0,False
ACCELERON PHARMA INC,0001280600,0,,0,False
"Novus Therapeutics, Inc.",0001404281,0,,0,False
"CoLucid Pharmaceuticals, Inc.",0001348649,0,,0,False
MERRIMACK PHARMACEUTICALS INC,0001274792,18,3.0,27,False
"AQUINOX PHARMACEUTICALS, INC",0001404644,2,2.0,3,False
Celladon Corp,0001305253,2,2.0,6,False
Immune Design Corp.,0001437786,0,,0,False
"ADURO BIOTECH, INC.",0001435049,3,2.0,3,False
Regado Biosciences Inc,0001311596,3,2.0,3,False
"PROTEOSTASIS THERAPEUTICS, INC.",0001445283,0,,0,False
EYEGATE PHARMACEUTICALS INC,0001372514,6,3.0,6,False
SELECTA BIOSCIENCES INC,0001453687,3,1.0,2,False
"Mersana Therapeutics, Inc.",0001442836,3,1.0,6,False
PhaseBio Pharmaceuticals Inc,0001169245,11,2.0,6,True
"Visterra, Inc.",0001426375,2,2.0,1,False
"Athenex, Inc.",0001300699,11,3.0,10,False
TREVENA INC,0001429560,5,2.0,5,False
"Auspex Pharmaceuticals, Inc.",0001454189,1,3.0,1,False
"Rib-X Pharmaceuticals, Inc.",0001164994,0,,0,False
CATABASIS PHARMACEUTICALS INC,0001454789,8,2.0,13,False
Acucela Inc,0001400482,0,,0,False
GLYCOMIMETICS INC,0001253689,3,2.0,4,False
"Carbylan Therapeutics, Inc.",0001348911,4,4.0,4,True
Dicerna Pharmaceuticals Inc,0001399529,0,,0,False
"KEMPHARM, INC",0001434647,0,,0,False
TETRALOGIC PHARMACEUTICALS CORP,0001361248,6,2.0,7,False
GLOBEIMMUNE INC,0001245104,4,2.0,4,False
Cerulean Pharma Inc.,0001401914,0,,0,False
STEMLINE THERAPEUTICS INC,0001264587,0,,0,False
HYPERION THERAPEUTICS INC,0001386858,0,,0,False
"BIND Therapeutics, Inc",0001385228,3,2.0,6,False
"PHASERX, INC.",0001429386,0,,0,False
FIVE PRIME THERAPEUTICS INC,0001175505,2,2.0,2,True
Conatus Pharmaceuticals Inc,0001383701,7,2.0,8,True
PROTEON THERAPEUTICS INC,0001359931,5,3.0,2,False
Virobay Inc,0001374261,4,1.0,2,False
THAR PHARMACEUTICALS INC,0001428369,1,1.0,1,False
aTYR PHARMA INC,0001339970,1,2.0,1,False
"Conkwest, Inc.",0001326110,0,,0,False
VITAL THERAPIES INC,0001280776,7,3.0,7,True
INOTEK PHARMACEUTICALS CORP,0001281895,5,2.0,8,True
KYTHERA BIOPHARMACEUTICALS INC,0001436304,17,3.0,5,False
"CONCERT PHARMACEUTICALS, INC.",0001367920,4,2.0,5,False
AERIE PHARMACEUTICALS INC,0001337553,11,2.0,6,False
"Tobira Therapeutics, Inc.",0001409690,4,2.0,3,False
AILERON THERAPEUTICS INC,0001420565,3,2.0,6,False
Tocagen Inc,0001419041,7,3.0,20,True
"GENOCEA BIOSCIENCES, INC.",0001457612,2,2.0,2,False
TETRAPHASE PHARMACEUTICALS INC,0001373707,3,2.0,3,False
AMBRX INC,0001264647,1,2.0,1,False
"EAGLE PHARMACEUTICALS, INC.",0000827871,1,1.0,1,False
"NephroGenex, Inc.",0001338095,1,2.0,1,False
NGM BIOPHARMACEUTICALS INC,0001426332,10,2.0,8,False
"CHIASMA, INC",0001339469,1,3.0,1,False
"Vitae Pharmaceuticals, Inc",0001157602,1,1.0,1,False
"Onconova Therapeutics, Inc.",0001130598,0,,0,False
CHIMERIX INC,0001117480,0,,0,False
Achaogen Inc,0001301501,7,2.0,7,True
Evoke Pharma Inc,0001403708,1,2.0,5,False
PARATEK PHARMACEUTICALS INC,0001037643,3,3.0,4,True
CONSTELLATION PHARMACEUTICALS INC,0001434418,6,2.0,19,False
AGILE THERAPEUTICS INC,0001261249,7,3.0,3,False
"Cara Therapeutics, Inc.",0001346830,3,2.0,2,False
Ophthotech Corp.,0001410939,7,3.0,4,True
Relypsa Inc,0001416792,5,3.0,6,True
ANTERIOS INC,0001390085,5,2.0,5,False
ProNAi Therapeutics Inc,0001290149,0,,0,False
ALDER BIOPHARMACEUTICALS INC,0001423824,2,1.0,2,False
"BELLICUM PHARMACEUTICALS, INC",0001358403,5,2.0,20,True
MARINUS PHARMACEUTICALS INC,0001267813,8,3.0,8,True
OncoMed Pharmaceuticals Inc,0001302573,11,2.0,8,True
APPLIED GENETIC TECHNOLOGIES CORP,0001273636,0,,0,False
Adamas Pharmaceuticals Inc,0001328143,2,3.0,4,False
PLX PHARMA INC.,0001291520,9,3.0,9,False
Flexion Therapeutics Inc,0001419600,0,,0,False
"ZAFGEN, INC.",0001374690,6,2.0,5,False
