cik,company_name,pubmed_pre_ipo_count,pubmed_query_method,pubmed_authors_queried
0001526119,Verastem Inc,0,affiliation,0
0001735438,Meiragtx Holdings Plc,2,affiliation,0
0001382101,Sutro Biopharma Inc,0,affiliation,0
0001205922,Vaccinex Inc,20,affiliation,0
0001819576,Liquidia Technologies Inc,9,affiliation,0
0001737953,Replimune Group Inc,13,affiliation,0
0001658247,Crinetics Pharmaceuticals Inc,3,affiliation,0
0001638097,Entera Bio Ltd,0,affiliation,0
0001730463,Autolus Therapeutics Ltd,6,affiliation,0
0001660334,Verrica Pharmaceuticals Inc,0,affiliation,0
0001727196,Scholar Rock Holding Corp,0,affiliation,0
0001468748,Kodiak Sciences Inc,0,affiliation,0
0001730430,Kiniksa Pharmaceuticals LTD,3,affiliation,0
0001595248,Genprex,0,affiliation,0
0001724521,Arcus Biosciences Inc,236,affiliation,0
0001720893,Bioxcel Therapeutics Inc,0,affiliation,0
0001570562,Evolus Inc,0,affiliation,0
0001684693,Sol-Gel Technologies Ltd,47,affiliation,0
0001707502,Solid Biosciences LLC,0,author_disambiguated,5
0001645460,Cue Biopharma Inc,0,affiliation,0
0001714899,Denali Therapeutics Inc,52,affiliation,0
0001708688,InflaRx NV (Fireman BV?),0,affiliation,0
0001701108,Spero Therapeutics Inc,40,affiliation,0
0001649904,Rhythm Pharmaceuticals Inc,1363,affiliation,0
0001655759,Arvinas Holding Co LLC,0,affiliation,0
0001746466,Equillium,0,affiliation,0
0001711279,Krystal Biotech Inc,0,affiliation,0
0001729427,CNS Pharmaceuticals Inc,0,author_disambiguated,5
0001563577,Galera Therapeutics Inc,75,affiliation,0
0001759138,Cabaletta Bio Inc,0,affiliation,0
0001783183,Phathom Pharmaceuticals Inc,7,affiliation,0
0001706431,Vir Biotechnology Inc,0,affiliation,0
0001776985,BioNTech SE,0,affiliation,0
0001781983,Aprea Therapeutics Inc,39,affiliation,0
0001759425,Mirum Pharmaceuticals Inc,1,affiliation,0
0001680581,Fulcrum Therapeutics Inc,35,affiliation,0
0001743881,BridgeBio Pharma Inc,2,affiliation,0
0001623526,Stoke Therapeutics Inc,0,author_disambiguated,5
0001581280,Twist Bioscience Corp,25,affiliation,0
0001761612,Bicycle Therapeutics Ltd,15,affiliation,0
0001676725,Ideaya Biosciences Inc,8,affiliation,0
0001661059,NextCure Inc,3,affiliation,0
0001408443,Milestone Pharmaceuticals Inc,194,affiliation,0
0001563880,Trevi Therapeutics Inc,15,affiliation,0
0001357874,Precision Biosciences Inc,0,author_disambiguated,5
0001728117,Gossamer Bio Inc,0,affiliation,0
0001653087,Alector Inc,10,affiliation,0
0001711754,Inmune Bio Inc,0,affiliation,0
0001723980,China Sxt Pharms Inc,0,affiliation,0
0001682852,Moderna Inc,107,affiliation,0
0001709626,NuCana plc,0,affiliation,0
0001737287,Allogene Therapeutics Inc.,4,affiliation,0
0001704292,Zai Lab Ltd,0,affiliation,0
0001590560,uniQure BV,0,affiliation,0
0001512762,Coherus Biosciences Inc,0,affiliation,0
0001582313,Xenon Pharmaceuticals Inc,42,affiliation,0
0001612940,ProQR Therapeutics BV,0,affiliation,0
0001393434,Ocular Therapeutix Inc,0,affiliation,0
0001598646,Minerva Neurosciences Inc,0,affiliation,0
0001437402,Ardelyx Inc,5,affiliation,0
0001341235,Aldeyra Therapeutics Inc,0,affiliation,0
0001178253,SCYNEXIS Inc,35,affiliation,0
0001515673,Ultragenyx Pharmaceutical,3,affiliation,0
0001626878,XBiotech Inc,5,affiliation,0
0001326732,Xencor Inc,44,affiliation,0
0001503802,Karyopharm Therapeutics,3,affiliation,0
0001125345,MacroGenics,16,affiliation,0
0001434316,Fate Therapeutics,217,affiliation,0
0001434868,Esperion Therapeutics Inc,19,affiliation,0
0001177648,Enanta Pharmaceuticals Inc,16,affiliation,0
0001555280,Zoetis Inc,27,affiliation,0
0001479419,Kala Pharmaceuticals Inc,221,affiliation,0
0001612042,Ascendis Pharma A/S,0,affiliation,0
0001517022,Akebia Therapeutics Inc,0,affiliation,0
0001674416,CRISPR Therapeutics AG,0,affiliation,0
0001395937,Syndax Pharmaceuticals Inc,3,affiliation,0
0001636651,Ovid Therapeutics Inc,14,affiliation,0
0001607678,Viking Therapeutics Inc,21,affiliation,0
0001668243,Urogen Pharma Ltd,4,affiliation,0
0001937653,Zymeworks Inc,6,affiliation,0
0001677940,Beyondspring Inc,1,affiliation,0
0001370053,AnaptysBio Inc,13,affiliation,0
0001651625,AC Immune SA,0,affiliation,0
0001377121,Protagonist Therapeutics Inc,7,affiliation,0
0001659617,Moleculin Biotech Inc,0,affiliation,0
0001626971,Corvus Pharmaceuticals Inc,4,affiliation,0
0001650664,Editas Medicine Inc,0,affiliation,0
0001557746,Aclaris Therapeutics Inc,0,affiliation,0
0001267565,Collegium Pharmaceutical Inc,0,author_disambiguated,5
0001609809,Seres Therapeutics Inc,17,affiliation,0
0001641489,vTv Therapeutics Inc,0,affiliation,0
0001590877,Regenxbio Inc,0,affiliation,0
0001501989,CytomX Therapeutics Inc,7,affiliation,0
0001631574,WaVe Life Sciences Ltd,0,affiliation,0
0001640266,Voyager Therapeutics Inc,82,affiliation,0
0001579428,Axsome Therapeutics Inc,0,affiliation,0
0001535955,Lipocine Inc.,2,affiliation,0
0001540159,"Stellar Biotechnologies, Inc.",0,affiliation,0
0001683743,LBC Bioscience Inc.,86,affiliation,0
0001643848,Patheon N.V.,0,affiliation,0
0001584137,"Oncolix, Inc.",0,affiliation,0
0001588172,Aptalis Holdings Inc.,1,affiliation,0
0001661460,"Poseida Therapeutics, Inc.",8,affiliation,0
0001509261,"AntriaBio, Inc.",0,affiliation,0
0001544238,"CARDAX, INC.",1,affiliation,0
0001513856,"Neurotrope, Inc.",0,affiliation,0
0001537663,"Health-Right Discoveries, Inc.",0,affiliation,0
0001739426,Osmotica Pharmaceuticals plc,0,affiliation,0
0001660719,Aralez Pharmaceuticals Inc.,0,affiliation,0
0001557421,"Ignyta, Inc.",1,affiliation,0
0001685462,"Shuttle Pharmaceuticals, Inc.",29,affiliation,0
0001559149,"PAR PHARMACEUTICAL HOLDINGS, INC.",955,affiliation,0
0001595893,"Turning Point Therapeutics, Inc.",0,affiliation,0
0001659323,Iterum Therapeutics Ltd,2,affiliation,0
0001714798,Prevail Therapeutics Inc.,24,affiliation,0
0001633070,Axcella Health Inc.,0,affiliation,0
0001621443,"Zynerba Pharmaceuticals, Inc.",0,affiliation,0
0001717452,"Odonate Therapeutics, LLC",0,affiliation,0
0001656328,"Sienna Biopharmaceuticals, Inc.",0,affiliation,0
0001650648,4D Molecular Therapeutics Inc,0,affiliation,0
0001532346,"Atreca, Inc.",19,affiliation,0
0001651308,"BeiGene, Ltd.",79,affiliation,0
0001566373,"Spring Bank Pharmaceuticals, Inc.",0,affiliation,0
0001657598,"Adgero Biopharmaceuticals Holdings, Inc.",0,affiliation,0
0001533040,Phio Pharmaceuticals Corp.,1,affiliation,0
0001537917,"TYME TECHNOLOGIES, INC.",1,affiliation,0
0001773427,"SpringWorks Therapeutics, Inc.",0,affiliation,0
0001740547,Urovant Sciences Ltd.,0,affiliation,0
0001649989,"Outlook Therapeutics, Inc.",2096,affiliation,0
0001641908,"SANCILIO PHARMACEUTICALS COMPANY, INC.",0,affiliation,0
0001582554,"Matinas BioPharma Holdings, Inc.",0,affiliation,0
0001772028,Scopus Biopharma Inc.,0,affiliation,0
0001589150,Regen BioPharma Inc,0,affiliation,0
0001541157,Celsus Therapeutics Plc.,2,affiliation,0
0001739174,BiomX Inc.,0,affiliation,0
0001684144,Zomedica Pharmaceuticals Corp.,0,affiliation,0
0001600132,"Bellerophon Therapeutics, Inc.",2,affiliation,0
0001557142,"Kadmon Holdings, Inc.",23,affiliation,0
0001718644,"Zander Therapeutics, Inc",103,affiliation,0
0001648419,Aralez Pharmaceuticals Ltd,0,affiliation,0
0001723128,"Amneal Pharmaceuticals, Inc.",16,affiliation,0
0001516551,"Nemus Bioscience, Inc.",0,affiliation,0
0001553643,"RELMADA THERAPEUTICS, INC.",0,affiliation,0
0001515740,PREMIER BIOMEDICAL INC,0,affiliation,0
0001569340,"Cell Source, Inc.",0,affiliation,0
0001509745,"LEAP THERAPEUTICS, INC.",15,affiliation,0
0001618835,"Evofem Biosciences, Inc.",0,affiliation,0
0001580149,"NANOANTIBIOTICS, INC.",0,affiliation,0
0001682639,"EYENOVIA, INC.",1,affiliation,0
0001615999,Kannalife Inc,0,affiliation,0
0001626199,"ALPINE IMMUNE SCIENCES, INC.",0,affiliation,0
0001561551,"Enumeral Biomedical Holdings, Inc.",0,affiliation,0
0001517681,"Propanc Biopharma, Inc.",0,affiliation,0
0001703647,"Frequency Therapeutics, Inc.",435,affiliation,0
0001722964,"Y-mAbs Therapeutics, Inc.",0,affiliation,0
0001544116,"Durata Therapeutics, Inc.",0,affiliation,0
0001693664,"ARMO BioSciences, Inc.",10,affiliation,0
0001733413,"TFF Pharmaceuticals, Inc.",0,affiliation,0
0001510487,Principia Biopharma Inc.,0,affiliation,0
0001688765,"Braeburn Pharmaceuticals, Inc.",6,affiliation,0
0001594864,"Juno Therapeutics, Inc.",779,affiliation,0
0001586105,Egalet Corp,1,affiliation,0
0001552899,"AUDEO ONCOLOGY, INC.",0,affiliation,0
0001739614,"Inhibrx, Inc.",4,affiliation,0
0001539029,"Clearside Biomedical, Inc.",0,affiliation,0
0001635886,"BioCardia, Inc.",4,affiliation,0
0001560241,"G1 Therapeutics, Inc.",0,no_query,0
0001604950,scPharmaceuticals Inc.,3,affiliation,0
0001615219,"Flex Pharma, Inc.",114,affiliation,0
0001613490,MultiVir Inc.,0,affiliation,0
0000921299,FIBROGEN INC,41,affiliation,0
0001564824,Allakos Inc.,6,affiliation,0
0001597553,"Sage Therapeutics, Inc.",554,affiliation,0
0001694665,"Evelo Biosciences, Inc.",11,affiliation,0
0001622229,"Unum Therapeutics, Inc.",33,affiliation,0
0001652923,"AveXis, Inc.",0,affiliation,0
0001588972,"Recro Pharma, Inc.",0,affiliation,0
0001670356,Abpro Corp,0,affiliation,0
0001629137,"Global Blood Therapeutics, Inc.",0,affiliation,0
0001596126,"Dance Biopharm, Inc.",0,affiliation,0
0001718108,"Surface Oncology, Inc.",0,affiliation,0
0001592052,Centrexion Therapeutics Corp,5,affiliation,0
0001505512,Regulus Therapeutics Inc.,10,affiliation,0
0001662524,"AKCEA THERAPEUTICS, INC.",10,affiliation,0
0001510580,"Kite Pharma, Inc.",39,affiliation,0
0001630970,"Accelerated Pharma, Inc.",213,affiliation,0
0001513818,"Versartis, Inc.",1,affiliation,0
0001509190,"ARATANA THERAPEUTICS, INC.",0,affiliation,0
0001731831,"Eidos Therapeutics, Inc.",3,affiliation,0
0001590930,"MICROLIN BIO, INC.",0,affiliation,0
0001552451,MyoKardia Inc,1,affiliation,0
0001571498,"Epizyme, Inc.",20,affiliation,0
0001711786,"Hoth Therapeutics, Inc.",35,affiliation,0
0001750019,TCR2 THERAPEUTICS INC.,9,affiliation,0
0001522602,"CohBar, Inc.",0,affiliation,0
0001534120,Cerecor Inc.,2,affiliation,0
0001695357,"Provention Bio, Inc.",0,affiliation,0
0001595585,"Tricida, Inc.",3,affiliation,0
0001594337,"Corium International, Inc.",2,affiliation,0
0001582636,"ALZHEON, INC.",9,affiliation,0
0001613723,"S1 Biopharma, Inc.",0,affiliation,0
0001587221,Zosano Pharma Corp,6,affiliation,0
0001527599,"Mirna Therapeutics, Inc.",82,affiliation,0
0001581720,"Loxo Oncology, Inc.",0,affiliation,0
0001574235,"Ruthigen, Inc.",0,affiliation,0
0001525145,"Peloton Therapeutics, Inc.",38,affiliation,0
0001662774,"Cortexyme, Inc.",3,affiliation,0
0001693415,"Translate Bio, Inc.",0,affiliation,0
0001029125,"Sun BioPharma, Inc.",0,affiliation,0
0001602413,"Vyrix Pharmaceuticals, Inc.",0,affiliation,0
0001609727,"Synthorx, Inc.",1,affiliation,0
0001679363,"Morphic Holding, Inc.",8,affiliation,0
0001724344,Entasis Therapeutics Holdings Inc.,19,affiliation,0
0001681087,"AVROBIO, Inc.",3,affiliation,0
0001636050,Axovant Sciences Ltd.,0,affiliation,0
0001509697,"Civitas Therapeutics, Inc.",9,affiliation,0
0001760542,HOOKIPA Pharma Inc.,9,affiliation,0
0001667633,"Forty Seven, Inc.",0,affiliation,0
0001689066,Sunset Island Group,0,affiliation,0
0001638287,Gemphire Therapeutics Inc.,2,affiliation,0
0001664106,"LogicBio Therapeutics, Inc.",1,affiliation,0
0001601485,Angion Biomedica Corp.,0,affiliation,0
0001785173,"89bio, Inc.",0,affiliation,0
0001609351,"Spark Therapeutics, Inc.",176,affiliation,0
0001501756,"Avalanche Biotechnologies, Inc.",0,affiliation,0
0001753483,Dermavant Sciences Ltd,0,affiliation,0
0001563855,SOPHIRIS BIO INC.,0,affiliation,0
0001745999,Beam Therapeutics Inc.,2584,affiliation,0
0001538928,Viamet Pharmaceuticals Holdings LLC,4,affiliation,0
0001614067,"Aridis Pharmaceuticals, Inc.",10,affiliation,0
0001656634,"Gritstone Oncology, Inc.",0,affiliation,0
0001734517,"Viela Bio, Inc.",0,affiliation,0
0001636282,"Aeglea BioTherapeutics, Inc.",2,affiliation,0
0001674365,Aptinyx Inc.,13,affiliation,0
0001659352,"Codiak BioSciences, Inc.",22,affiliation,0
0001702956,"Cirius Therapeutics, Inc.",4,affiliation,0
0001654151,"Deciphera Pharmaceuticals, Inc.",11,affiliation,0
0001640455,"Jounce Therapeutics, Inc.",7,affiliation,0
0001513157,"Lumena Pharmaceuticals, Inc.",1,affiliation,0
0001673772,"RAPT Therapeutics, Inc.",1,affiliation,0
0001709401,"Rubius Therapeutics, Inc.",7,affiliation,0
0001597264,Blueprint Medicines Corp,0,affiliation,0
0001685071,"Dova Pharmaceuticals, Inc.",1,affiliation,0
0001638851,"Inpellis, Inc.",0,affiliation,0
0001619087,SteadyMed Ltd.,1,affiliation,0
0001557883,"Dermira, Inc.",2,affiliation,0
0001610618,"Cidara Therapeutics, Inc.",4,affiliation,0
0001720580,"resTORbio, Inc.",1,affiliation,0
0001631650,"Aimmune Therapeutics, Inc.",0,affiliation,0
0001708493,"Harpoon Therapeutics, Inc.",3,affiliation,0
0001618561,Nexvet Biopharma plc,0,affiliation,0
0001694187,"Neon Therapeutics, Inc.",64,affiliation,0
0001679082,Myovant Sciences Ltd.,0,affiliation,0
0001692830,"Satsuma Pharmaceuticals, Inc.",24,affiliation,0
0001293971,"bluebird bio, Inc.",0,affiliation,0
0001566044,"Menlo Therapeutics, Inc.",0,author_disambiguated,5
0001720725,"Oyster Point Pharma, Inc.",0,affiliation,0
0001751299,"Kaleido Biosciences, Inc.",5,affiliation,0
0001697532,Applied Therapeutics Inc.,0,author_disambiguated,5
0001592288,"Dimension Therapeutics, Inc.",73,affiliation,0
0001661998,"Homology Medicines, Inc.",0,affiliation,0
0001744659,"Akero Therapeutics, Inc.",3,affiliation,0
0001624658,"Allena Pharmaceuticals, Inc.",14,affiliation,0
0001628738,"Audentes Therapeutics, Inc.",3,affiliation,0
0001662907,"IASO BioMed, Inc.",0,affiliation,0
0001516479,"Insys Therapeutics, Inc.",3,affiliation,0
0001771917,"Karuna Therapeutics, Inc.",80,affiliation,0
0001690585,"Magenta Therapeutics, Inc.",242,affiliation,0
0001467154,"Novan, Inc.",2,affiliation,0
0001472091,PDS Biotechnology Corp,0,affiliation,0
0001497504,"Dipexium Pharmaceuticals, LLC",0,affiliation,0
0001461993,"CEMPRA, INC.",8,affiliation,0
0001491576,"TESARO, Inc.",1,affiliation,0
0001478121,Pfenex Inc.,5,affiliation,0
0001478069,CONTRAFECT Corp,3,affiliation,0
0001476963,"HEAT BIOLOGICS, INC.",0,affiliation,0
0001496671,"Calithera Biosciences, Inc.",2,affiliation,0
0001466301,"Clovis Oncology, Inc.",0,affiliation,0
0001494650,"OptiNose, Inc.",14,affiliation,0
0001479290,"Revance Therapeutics, Inc.",4,affiliation,0
0001477598,"Omthera Pharmaceuticals, Inc.",2,affiliation,0
0001493566,"Otonomy, Inc.",6,affiliation,0
0001501697,"Arsanis, Inc.",20,affiliation,0
0001496323,"IGM Biosciences, Inc.",772,affiliation,0
0001485003,"Eleven Biotherapeutics, Inc.",11,affiliation,0
0001481512,"Ra Pharmaceuticals, Inc.",0,no_query,0
0001463361,"Unity Biotechnology, Inc.",0,affiliation,0
0001463729,"Receptos, Inc.",1,affiliation,0
0001477845,"Annovis Bio, Inc.",0,affiliation,0
0001471002,"Cancer Prevention Pharmaceuticals, Inc.",0,affiliation,0
0001467652,"Neos Therapeutics, Inc.",9,affiliation,0
0001459266,"ZS Pharma, Inc.",0,no_query,0
0001269021,PORTOLA PHARMACEUTICALS INC,104,affiliation,0
0001401040,DiaMedica Therapeutics Inc.,11,affiliation,0
0001442835,KOLLTAN PHARMACEUTICALS INC,3,affiliation,0
0001280600,ACCELERON PHARMA INC,15,affiliation,0
0001404281,"Novus Therapeutics, Inc.",38,affiliation,0
0001348649,"CoLucid Pharmaceuticals, Inc.",0,affiliation,0
0001274792,MERRIMACK PHARMACEUTICALS INC,77,affiliation,0
0001404644,"AQUINOX PHARMACEUTICALS, INC",2,affiliation,0
0001305253,Celladon Corp,3,affiliation,0
0001437786,Immune Design Corp.,0,affiliation,0
0001435049,"ADURO BIOTECH, INC.",0,affiliation,0
0001311596,Regado Biosciences Inc,2,affiliation,0
0001445283,"PROTEOSTASIS THERAPEUTICS, INC.",16,affiliation,0
0001372514,EYEGATE PHARMACEUTICALS INC,3,affiliation,0
0001453687,SELECTA BIOSCIENCES INC,5,affiliation,0
0001442836,"Mersana Therapeutics, Inc.",4,affiliation,0
0001169245,PhaseBio Pharmaceuticals Inc,1,affiliation,0
0001426375,"Visterra, Inc.",7,affiliation,0
0001300699,"Athenex, Inc.",3,affiliation,0
0001429560,TREVENA INC,15,affiliation,0
0001454189,"Auspex Pharmaceuticals, Inc.",0,affiliation,0
0001164994,"Rib-X Pharmaceuticals, Inc.",16,affiliation,0
0001454789,CATABASIS PHARMACEUTICALS INC,1,affiliation,0
0001400482,Acucela Inc,8,affiliation,0
0001253689,GLYCOMIMETICS INC,4,affiliation,0
0001348911,"Carbylan Therapeutics, Inc.",1,affiliation,0
0001399529,Dicerna Pharmaceuticals Inc,3,affiliation,0
0001434647,"KEMPHARM, INC",0,affiliation,0
0001361248,TETRALOGIC PHARMACEUTICALS CORP,4,affiliation,0
0001245104,GLOBEIMMUNE INC,8,affiliation,0
0001401914,Cerulean Pharma Inc.,5,affiliation,0
0001264587,STEMLINE THERAPEUTICS INC,3,affiliation,0
0001386858,HYPERION THERAPEUTICS INC,19,affiliation,0
0001385228,"BIND Therapeutics, Inc",8,affiliation,0
0001429386,"PHASERX, INC.",1,affiliation,0
0001175505,FIVE PRIME THERAPEUTICS INC,0,affiliation,0
0001383701,Conatus Pharmaceuticals Inc,1,affiliation,0
0001359931,PROTEON THERAPEUTICS INC,4,affiliation,0
0001374261,Virobay Inc,2,affiliation,0
0001428369,THAR PHARMACEUTICALS INC,10,affiliation,0
0001339970,aTYR PHARMA INC,5,affiliation,0
0001326110,"Conkwest, Inc.",3,affiliation,0
0001280776,VITAL THERAPIES INC,0,affiliation,0
0001281895,INOTEK PHARMACEUTICALS CORP,79,affiliation,0
0001436304,KYTHERA BIOPHARMACEUTICALS INC,0,affiliation,0
0001367920,"CONCERT PHARMACEUTICALS, INC.",10,affiliation,0
0001337553,AERIE PHARMACEUTICALS INC,2,affiliation,0
0001409690,"Tobira Therapeutics, Inc.",3,affiliation,0
0001420565,AILERON THERAPEUTICS INC,7,affiliation,0
0001419041,Tocagen Inc,19,affiliation,0
0001457612,"GENOCEA BIOSCIENCES, INC.",4,affiliation,0
0001373707,TETRAPHASE PHARMACEUTICALS INC,9,affiliation,0
0001264647,AMBRX INC,8,affiliation,0
0000827871,"EAGLE PHARMACEUTICALS, INC.",240,affiliation,0
0001338095,"NephroGenex, Inc.",0,affiliation,0
0001426332,NGM BIOPHARMACEUTICALS INC,0,affiliation,0
0001339469,"CHIASMA, INC",5,affiliation,0
0001157602,"Vitae Pharmaceuticals, Inc",73,affiliation,0
0001130598,"Onconova Therapeutics, Inc.",3,affiliation,0
0001117480,CHIMERIX INC,7,affiliation,0
0001301501,Achaogen Inc,10,affiliation,0
0001403708,Evoke Pharma Inc,2,affiliation,0
0001037643,PARATEK PHARMACEUTICALS INC,18,affiliation,0
0001434418,CONSTELLATION PHARMACEUTICALS INC,155,affiliation,0
0001261249,AGILE THERAPEUTICS INC,18,affiliation,0
0001346830,"Cara Therapeutics, Inc.",281,affiliation,0
0001410939,Ophthotech Corp.,1,affiliation,0
0001416792,Relypsa Inc,1,affiliation,0
0001390085,ANTERIOS INC,0,affiliation,0
0001290149,ProNAi Therapeutics Inc,7,affiliation,0
0001423824,ALDER BIOPHARMACEUTICALS INC,0,affiliation,0
0001358403,"BELLICUM PHARMACEUTICALS, INC",7,affiliation,0
0001267813,MARINUS PHARMACEUTICALS INC,32,affiliation,0
0001302573,OncoMed Pharmaceuticals Inc,34,affiliation,0
0001273636,APPLIED GENETIC TECHNOLOGIES CORP,0,affiliation,0
0001328143,Adamas Pharmaceuticals Inc,6,affiliation,0
0001291520,PLX PHARMA INC.,1,affiliation,0
0001419600,Flexion Therapeutics Inc,1,affiliation,0
0001374690,"ZAFGEN, INC.",4,affiliation,0
0001398733,Aquestive Therapeutics Inc,1,affiliation,0
0001297184,Amphastar Pharmaceuticals Inc,1,affiliation,0
0001070081,PTC Therapeutics Inc,82,affiliation,0
0001488039,Atossa Genetics Inc,0,affiliation,0
