cik,company_name,bucket,prob_actively_filing,prob_deregistered_or_delisted,prob_stalled_filing,predicted,confidence,correct,risk_score
0001416792,Relypsa Inc,deregistered_or_delisted,0.05879262432271861,0.9199505761715301,0.021256799505751333,deregistered_or_delisted,0.9199505761715301,1,93.1
0001661460,"Poseida Therapeutics, Inc.",deregistered_or_delisted,0.0672622629123263,0.9208120187580624,0.011925718329611352,deregistered_or_delisted,0.9208120187580624,1,92.7
0001564824,Allakos Inc.,deregistered_or_delisted,0.045482656724976145,0.8921910858973945,0.062326257377629625,deregistered_or_delisted,0.8921910858973945,1,92.3
0001459266,"ZS Pharma, Inc.",deregistered_or_delisted,0.04698752867419689,0.8870236394738394,0.06598883185196347,deregistered_or_delisted,0.8870236394738394,1,92.0
0001491576,"TESARO, Inc.",deregistered_or_delisted,0.0707369981651121,0.907612782104157,0.021650219730730894,deregistered_or_delisted,0.907612782104157,1,91.8
0001557883,"Dermira, Inc.",deregistered_or_delisted,0.06562393933217496,0.8935626489574592,0.04081341171036565,deregistered_or_delisted,0.8935626489574592,1,91.4
0001510487,Principia Biopharma Inc.,deregistered_or_delisted,0.0787919826281797,0.9055433209196818,0.01566469645213867,deregistered_or_delisted,0.9055433209196818,1,91.3
0001624658,"Allena Pharmaceuticals, Inc.",deregistered_or_delisted,0.06233053802023928,0.8879892600962154,0.04968020188354541,deregistered_or_delisted,0.8879892600962154,1,91.3
0001560241,"G1 Therapeutics, Inc.",deregistered_or_delisted,0.08032539435098895,0.8976423804796034,0.022032225169407657,deregistered_or_delisted,0.8976423804796034,1,90.9
0001739614,"Inhibrx, Inc.",deregistered_or_delisted,0.07583830346015082,0.8941094073516196,0.030052289188229712,deregistered_or_delisted,0.8941094073516196,1,90.9
0001435049,"ADURO BIOTECH, INC.",deregistered_or_delisted,0.07105658556038208,0.8796636665498753,0.04927974788974262,deregistered_or_delisted,0.8796636665498753,1,90.4
0001679363,"Morphic Holding, Inc.",deregistered_or_delisted,0.048026311511940235,0.8480945331935013,0.10387915529455873,deregistered_or_delisted,0.8480945331935013,1,90.0
0001673772,"RAPT Therapeutics, Inc.",deregistered_or_delisted,0.07492768227810745,0.8731082785853346,0.051964039136558,deregistered_or_delisted,0.8731082785853346,1,89.9
0001656634,"Gritstone Oncology, Inc.",deregistered_or_delisted,0.0829537243935397,0.875427463419555,0.041618812186905406,deregistered_or_delisted,0.875427463419555,1,89.6
0001436304,KYTHERA BIOPHARMACEUTICALS INC,deregistered_or_delisted,0.05702731743987366,0.8427965428658517,0.10017613969427468,deregistered_or_delisted,0.8427965428658517,1,89.3
0001373707,TETRAPHASE PHARMACEUTICALS INC,deregistered_or_delisted,0.08291976777943727,0.8661690272532951,0.050911204967267795,deregistered_or_delisted,0.8661690272532951,1,89.2
0001539029,"Clearside Biomedical, Inc.",deregistered_or_delisted,0.07964005619593174,0.8578962564302782,0.062463687373790135,deregistered_or_delisted,0.8578962564302782,1,88.9
0001301501,Achaogen Inc,deregistered_or_delisted,0.08238161495929384,0.8547385410028844,0.06287984403782203,deregistered_or_delisted,0.8547385410028844,1,88.6
0001633070,Axcella Health Inc.,deregistered_or_delisted,0.10317461660456419,0.8677482983027938,0.029077085092642285,deregistered_or_delisted,0.8677482983027938,1,88.2
0001496671,"Calithera Biosciences, Inc.",deregistered_or_delisted,0.10047081432172712,0.8625934572771561,0.03693572840111675,deregistered_or_delisted,0.8625934572771561,1,88.1
0001429560,TREVENA INC,deregistered_or_delisted,0.08340018430231598,0.8428128714995671,0.07378694419811753,deregistered_or_delisted,0.8428128714995671,1,88.0
0001720725,"Oyster Point Pharma, Inc.",deregistered_or_delisted,0.11043158129188031,0.8681092523651182,0.021459166343001337,deregistered_or_delisted,0.8681092523651182,1,87.9
0001709401,"Rubius Therapeutics, Inc.",deregistered_or_delisted,0.08218630258913129,0.8389528112827536,0.07886088612811482,deregistered_or_delisted,0.8389528112827536,1,87.8
0001527599,"Mirna Therapeutics, Inc.",deregistered_or_delisted,0.11734286675220648,0.8697756294650228,0.012881503782770693,deregistered_or_delisted,0.8697756294650228,1,87.6
0001750019,TCR2 THERAPEUTICS INC.,deregistered_or_delisted,0.07138387863692049,0.8227276003271069,0.10588852103597235,deregistered_or_delisted,0.8227276003271069,1,87.6
0001694187,"Neon Therapeutics, Inc.",deregistered_or_delisted,0.09181819831111172,0.8417471797320055,0.06643462195688249,deregistered_or_delisted,0.8417471797320055,1,87.5
0001714798,Prevail Therapeutics Inc.,deregistered_or_delisted,0.08207569798300657,0.8314387202764091,0.08648558174058417,deregistered_or_delisted,0.8314387202764091,1,87.5
0001245104,GLOBEIMMUNE INC,deregistered_or_delisted,0.10099771933077353,0.8482816506901161,0.05072062997911079,deregistered_or_delisted,0.8482816506901161,1,87.4
0001595893,"Turning Point Therapeutics, Inc.",deregistered_or_delisted,0.0998459413824367,0.8470047126340396,0.053149345983523825,deregistered_or_delisted,0.8470047126340396,1,87.4
0001361248,TETRALOGIC PHARMACEUTICALS CORP,deregistered_or_delisted,0.1005924845610595,0.8375725249984398,0.06183499044050089,deregistered_or_delisted,0.8375725249984398,1,86.8
0001337553,AERIE PHARMACEUTICALS INC,deregistered_or_delisted,0.09120786898222102,0.8245770634661482,0.08421506755163072,deregistered_or_delisted,0.8245770634661482,1,86.7
0001708493,"Harpoon Therapeutics, Inc.",deregistered_or_delisted,0.10609207629122076,0.8403538188575062,0.05355410485127303,deregistered_or_delisted,0.8403538188575062,1,86.7
0001358403,"BELLICUM PHARMACEUTICALS, INC",deregistered_or_delisted,0.10040111544198835,0.8330354822105488,0.0665634023474629,deregistered_or_delisted,0.8330354822105488,1,86.6
0001631650,"Aimmune Therapeutics, Inc.",deregistered_or_delisted,0.08294303506404148,0.8071813428506494,0.10987562208530946,deregistered_or_delisted,0.8071813428506494,1,86.2
0001751299,"Kaleido Biosciences, Inc.",deregistered_or_delisted,0.10957095081754238,0.8272708397618195,0.06315820942063806,deregistered_or_delisted,0.8272708397618195,1,85.9
0001454789,CATABASIS PHARMACEUTICALS INC,deregistered_or_delisted,0.12308708528852798,0.8402748632698834,0.03663805144158874,deregistered_or_delisted,0.8402748632698834,1,85.9
0001479290,"Revance Therapeutics, Inc.",deregistered_or_delisted,0.10413321726457442,0.8175829924983202,0.07828379023710552,deregistered_or_delisted,0.8175829924983202,1,85.7
0001302573,OncoMed Pharmaceuticals Inc,deregistered_or_delisted,0.10972876226264983,0.8241130029576457,0.06615823477970485,deregistered_or_delisted,0.8241130029576457,1,85.7
0001674365,Aptinyx Inc.,deregistered_or_delisted,0.1264488833576988,0.8323212668733275,0.041229849768974154,deregistered_or_delisted,0.8323212668733275,1,85.3
0001604950,scPharmaceuticals Inc.,deregistered_or_delisted,0.10750138844182519,0.81323534956535,0.07926326199282481,deregistered_or_delisted,0.81323534956535,1,85.3
0001571498,"Epizyme, Inc.",deregistered_or_delisted,0.11722600051863255,0.8171043080394551,0.06566969144191243,deregistered_or_delisted,0.8171043080394551,1,85.0
0001493566,"Otonomy, Inc.",deregistered_or_delisted,0.11192788290642401,0.810937505576309,0.07713461151726707,deregistered_or_delisted,0.810937505576309,1,85.0
0001311596,Regado Biosciences Inc,deregistered_or_delisted,0.10977682737811831,0.807346172837631,0.08287699978425042,deregistered_or_delisted,0.807346172837631,1,84.9
0001434418,CONSTELLATION PHARMACEUTICALS INC,deregistered_or_delisted,0.14658390890341466,0.8455689259888298,0.007847165107755636,deregistered_or_delisted,0.8455689259888298,1,84.9
0001693415,"Translate Bio, Inc.",deregistered_or_delisted,0.0865452940212671,0.7850950586387577,0.1283596473399754,deregistered_or_delisted,0.7850950586387577,1,84.9
0001261249,AGILE THERAPEUTICS INC,deregistered_or_delisted,0.11145139299562964,0.8065378551350466,0.08201075186932377,deregistered_or_delisted,0.8065378551350466,1,84.8
0001305253,Celladon Corp,deregistered_or_delisted,0.11119109612446804,0.803610828182141,0.08519807569339094,deregistered_or_delisted,0.803610828182141,1,84.6
0001595585,"Tricida, Inc.",deregistered_or_delisted,0.10538641195368559,0.7927962711601002,0.10181731688621452,deregistered_or_delisted,0.7927962711601002,1,84.4
0001609351,"Spark Therapeutics, Inc.",deregistered_or_delisted,0.15317784511802773,0.8326314198473947,0.014190735034577389,deregistered_or_delisted,0.8326314198473947,1,84.0
0001628738,"Audentes Therapeutics, Inc.",deregistered_or_delisted,0.11213173424895592,0.7921896233013928,0.0956786424496514,deregistered_or_delisted,0.7921896233013928,1,84.0
0001274792,MERRIMACK PHARMACEUTICALS INC,deregistered_or_delisted,0.14328510532222385,0.8210899867459776,0.035624907931798636,deregistered_or_delisted,0.8210899867459776,1,83.9
0001667633,"Forty Seven, Inc.",deregistered_or_delisted,0.11211975132527399,0.7855482363752683,0.1023320122994578,deregistered_or_delisted,0.7855482363752683,1,83.7
0001426332,NGM BIOPHARMACEUTICALS INC,deregistered_or_delisted,0.144529907053432,0.8190968923585199,0.03637320058804822,deregistered_or_delisted,0.8190968923585199,1,83.7
0001269021,PORTOLA PHARMACEUTICALS INC,deregistered_or_delisted,0.12999646332710943,0.8012150833276462,0.06878845334524443,deregistered_or_delisted,0.8012150833276462,1,83.6
0001513818,"Versartis, Inc.",deregistered_or_delisted,0.14315069539894126,0.8153419077597652,0.0415073968412935,deregistered_or_delisted,0.8153419077597652,1,83.6
0001494650,"OptiNose, Inc.",deregistered_or_delisted,0.15030105356358947,0.8199148334320552,0.02978411300435571,deregistered_or_delisted,0.8199148334320552,1,83.5
0001267813,MARINUS PHARMACEUTICALS INC,deregistered_or_delisted,0.12766390913006612,0.7935832102610973,0.07875288060883658,deregistered_or_delisted,0.7935832102610973,1,83.3
0001694665,"Evelo Biosciences, Inc.",deregistered_or_delisted,0.13808471315005347,0.8004891141229803,0.0614261727269662,deregistered_or_delisted,0.8004891141229803,1,83.1
0001328143,Adamas Pharmaceuticals Inc,deregistered_or_delisted,0.13146269739438166,0.7881072599260359,0.08043004267958245,deregistered_or_delisted,0.7881072599260359,1,82.8
0001662524,"AKCEA THERAPEUTICS, INC.",deregistered_or_delisted,0.1378060045125401,0.7891718606802003,0.07302213480725989,deregistered_or_delisted,0.7891718606802003,1,82.6
0001609727,"Synthorx, Inc.",deregistered_or_delisted,0.1207065280581466,0.7668638196798178,0.11242965226203555,deregistered_or_delisted,0.7668638196798178,1,82.3
0001367920,"CONCERT PHARMACEUTICALS, INC.",deregistered_or_delisted,0.1569481896940417,0.8002163516819824,0.042835458623976114,deregistered_or_delisted,0.8002163516819824,1,82.2
0001501756,"Avalanche Biotechnologies, Inc.",deregistered_or_delisted,0.09954195656235462,0.7377680157444947,0.16269002769315097,deregistered_or_delisted,0.7377680157444947,1,81.9
0001454189,"Auspex Pharmaceuticals, Inc.",deregistered_or_delisted,0.14626574788284072,0.7820886247128521,0.07164562740430737,deregistered_or_delisted,0.7820886247128521,1,81.8
0001463729,"Receptos, Inc.",deregistered_or_delisted,0.1208950420821116,0.751446338978559,0.12765861893932948,deregistered_or_delisted,0.751446338978559,1,81.5
0001760542,HOOKIPA Pharma Inc.,deregistered_or_delisted,0.14909421178032115,0.7762131593595527,0.07469262886012625,deregistered_or_delisted,0.7762131593595527,1,81.4
0001280600,ACCELERON PHARMA INC,deregistered_or_delisted,0.11056913971609833,0.7384029019737368,0.151027958310165,deregistered_or_delisted,0.7384029019737368,1,81.4
0001610618,"Cidara Therapeutics, Inc.",deregistered_or_delisted,0.1345579520104455,0.7615419493716094,0.10390009861794518,deregistered_or_delisted,0.7615419493716094,1,81.3
0001773427,"SpringWorks Therapeutics, Inc.",deregistered_or_delisted,0.15093851474121536,0.7777256233347692,0.0713358619240154,deregistered_or_delisted,0.7777256233347692,1,81.3
0001457612,"GENOCEA BIOSCIENCES, INC.",deregistered_or_delisted,0.1503090380649934,0.7712721535654902,0.0784188083695165,deregistered_or_delisted,0.7712721535654902,1,81.0
0001403708,Evoke Pharma Inc,deregistered_or_delisted,0.12317548694573618,0.7439804265840021,0.1328440864702619,deregistered_or_delisted,0.7439804265840021,1,81.0
0001640455,"Jounce Therapeutics, Inc.",deregistered_or_delisted,0.15528589958622238,0.7759419827810505,0.06877211763272721,deregistered_or_delisted,0.7759419827810505,1,81.0
0001659323,Iterum Therapeutics Ltd,deregistered_or_delisted,0.08717284783743856,0.7053603393418771,0.2074668128206842,deregistered_or_delisted,0.7053603393418771,1,80.9
0001466301,"Clovis Oncology, Inc.",deregistered_or_delisted,0.16424248998466287,0.7802406721200491,0.055516837895288135,deregistered_or_delisted,0.7802406721200491,1,80.8
0001410939,Ophthotech Corp.,deregistered_or_delisted,0.12735136842434308,0.7389207305427666,0.13372790103289028,deregistered_or_delisted,0.7389207305427666,1,80.6
0001692830,"Satsuma Pharmaceuticals, Inc.",deregistered_or_delisted,0.16905541299180435,0.7797656906257693,0.05117889638242658,deregistered_or_delisted,0.7797656906257693,1,80.5
0001348911,"Carbylan Therapeutics, Inc.",deregistered_or_delisted,0.10179778877163285,0.7075643462166332,0.19063786501173408,deregistered_or_delisted,0.7075643462166332,1,80.3
0001437786,Immune Design Corp.,deregistered_or_delisted,0.1423276300190935,0.7468033894167037,0.11086898056420257,deregistered_or_delisted,0.7468033894167037,1,80.2
0001383701,Conatus Pharmaceuticals Inc,deregistered_or_delisted,0.1643340172499434,0.7679515872821042,0.06771439546795238,deregistered_or_delisted,0.7679515872821042,1,80.2
0001485003,"Eleven Biotherapeutics, Inc.",deregistered_or_delisted,0.15965452898317864,0.7591787173629657,0.08116675365385602,deregistered_or_delisted,0.7591787173629657,1,80.0
0001532346,"Atreca, Inc.",deregistered_or_delisted,0.15508453761332863,0.752732429017082,0.09218303336958908,deregistered_or_delisted,0.752732429017082,1,79.9
0001581720,"Loxo Oncology, Inc.",deregistered_or_delisted,0.1403828429186179,0.7334030501773018,0.12621410690408055,deregistered_or_delisted,0.7334030501773018,1,79.7
0001734517,"Viela Bio, Inc.",deregistered_or_delisted,0.1645556872897872,0.7498355549338566,0.08560875777635642,deregistered_or_delisted,0.7498355549338566,1,79.3
0001467652,"Neos Therapeutics, Inc.",deregistered_or_delisted,0.15435443179620653,0.738856664367868,0.10678890383592521,deregistered_or_delisted,0.738856664367868,1,79.2
0001614067,"Aridis Pharmaceuticals, Inc.",deregistered_or_delisted,0.16145062212697528,0.7433389973984807,0.0952103804745438,deregistered_or_delisted,0.7433389973984807,1,79.1
0001463361,"Unity Biotechnology, Inc.",deregistered_or_delisted,0.1881760694045974,0.7632296060098231,0.0485943245855793,deregistered_or_delisted,0.7632296060098231,1,78.8
0001592288,"Dimension Therapeutics, Inc.",deregistered_or_delisted,0.1742834620885303,0.7460059804868362,0.07971055742463334,deregistered_or_delisted,0.7460059804868362,1,78.6
0001386858,HYPERION THERAPEUTICS INC,deregistered_or_delisted,0.17013264502771291,0.7375351014333807,0.09233225353890634,deregistered_or_delisted,0.7375351014333807,1,78.4
0001718108,"Surface Oncology, Inc.",deregistered_or_delisted,0.15638085110371971,0.7244936976372164,0.11912545125906408,deregistered_or_delisted,0.7244936976372164,1,78.4
0001679082,Myovant Sciences Ltd.,deregistered_or_delisted,0.09189841697407149,0.6593257190781232,0.24877586394780532,deregistered_or_delisted,0.6593257190781232,1,78.4
0001273636,APPLIED GENETIC TECHNOLOGIES CORP,deregistered_or_delisted,0.1494601989420121,0.7146768506707438,0.13586295038724405,deregistered_or_delisted,0.7146768506707438,1,78.3
0001722964,"Y-mAbs Therapeutics, Inc.",deregistered_or_delisted,0.1460349691117248,0.7025993567577778,0.15136567413049748,deregistered_or_delisted,0.7025993567577778,1,77.8
0001385228,"BIND Therapeutics, Inc",deregistered_or_delisted,0.19450586066417247,0.7512549485998767,0.05423919073595119,deregistered_or_delisted,0.7512549485998767,1,77.8
0001399529,Dicerna Pharmaceuticals Inc,deregistered_or_delisted,0.12828764901119172,0.6764080790283074,0.1953042719605007,deregistered_or_delisted,0.6764080790283074,1,77.4
0001695357,"Provention Bio, Inc.",deregistered_or_delisted,0.10275411174466109,0.64377366085288,0.25347222740245917,deregistered_or_delisted,0.64377366085288,1,77.1
0001594864,"Juno Therapeutics, Inc.",deregistered_or_delisted,0.20467838735729216,0.744950510727319,0.050371101915388794,deregistered_or_delisted,0.744950510727319,1,77.0
0001664106,"LogicBio Therapeutics, Inc.",deregistered_or_delisted,0.14676553619304578,0.6868237276619626,0.16641073614499124,deregistered_or_delisted,0.6868237276619626,1,77.0
0001659352,"Codiak BioSciences, Inc.",deregistered_or_delisted,0.21506152666720815,0.7444774754642051,0.04046099786858697,deregistered_or_delisted,0.7444774754642051,1,76.5
0001513856,"Neurotrope, Inc.",deregistered_or_delisted,0.09243610593781407,0.6193507379972669,0.28821315606491904,deregistered_or_delisted,0.6193507379972669,1,76.3
0001654151,"Deciphera Pharmaceuticals, Inc.",deregistered_or_delisted,0.19824688979664556,0.7138006137938758,0.08795249640947887,deregistered_or_delisted,0.7138006137938758,1,75.8
0001656328,"Sienna Biopharmaceuticals, Inc.",deregistered_or_delisted,0.14184843714869846,0.6554931579220065,0.20265840492929496,deregistered_or_delisted,0.6554931579220065,1,75.7
0001175505,FIVE PRIME THERAPEUTICS INC,deregistered_or_delisted,0.1911888059372324,0.7045434557773139,0.10426773828545327,deregistered_or_delisted,0.7045434557773139,1,75.7
0001467154,"Novan, Inc.",deregistered_or_delisted,0.16004356118266652,0.6691845021744127,0.1707719366429208,deregistered_or_delisted,0.6691845021744127,1,75.5
0001442836,"Mersana Therapeutics, Inc.",deregistered_or_delisted,0.19374667241821716,0.6967535035953628,0.10949982398642016,deregistered_or_delisted,0.6967535035953628,1,75.2
0001587221,Zosano Pharma Corp,deregistered_or_delisted,0.1438531135843625,0.6430218200500952,0.21312506636554243,deregistered_or_delisted,0.6430218200500952,1,75.0
0001771917,"Karuna Therapeutics, Inc.",deregistered_or_delisted,0.21222564963681465,0.703410730733149,0.08436361963003632,deregistered_or_delisted,0.703410730733149,1,74.6
0001731831,"Eidos Therapeutics, Inc.",deregistered_or_delisted,0.16299978229125944,0.6461707490993948,0.1908294686093463,deregistered_or_delisted,0.6461707490993948,1,74.2
0001348649,"CoLucid Pharmaceuticals, Inc.",deregistered_or_delisted,0.1466860890205618,0.627694751036137,0.22561915994330115,deregistered_or_delisted,0.627694751036137,1,74.1
0001544116,"Durata Therapeutics, Inc.",deregistered_or_delisted,0.14145613162834358,0.6221977762223095,0.23634609214934676,deregistered_or_delisted,0.6221977762223095,1,74.0
0001693664,"ARMO BioSciences, Inc.",deregistered_or_delisted,0.1771943806181336,0.6548902375499391,0.16791538183192717,deregistered_or_delisted,0.6548902375499391,1,73.9
0001117480,CHIMERIX INC,deregistered_or_delisted,0.15319045460968378,0.6321382071309746,0.2146713382593415,deregistered_or_delisted,0.6321382071309746,1,73.9
0001169245,PhaseBio Pharmaceuticals Inc,deregistered_or_delisted,0.1741231737081758,0.649868505581766,0.17600832071005837,deregistered_or_delisted,0.649868505581766,1,73.8
0001423824,ALDER BIOPHARMACEUTICALS INC,deregistered_or_delisted,0.17071828642913453,0.6439880116188451,0.18529370195202055,deregistered_or_delisted,0.6439880116188451,1,73.7
0001552451,MyoKardia Inc,deregistered_or_delisted,0.1390224761139504,0.6114846600091878,0.24949286387686218,deregistered_or_delisted,0.6114846600091878,1,73.6
0001563855,SOPHIRIS BIO INC.,deregistered_or_delisted,0.15566054124868398,0.6252563301921825,0.21908312855913362,deregistered_or_delisted,0.6252563301921825,1,73.5
0001157602,"Vitae Pharmaceuticals, Inc",deregistered_or_delisted,0.13554167725247535,0.5746733358155809,0.2897849869319437,deregistered_or_delisted,0.5746733358155809,1,72.0
0001510580,"Kite Pharma, Inc.",deregistered_or_delisted,0.2370163796588062,0.6701115796407933,0.09287204070040035,deregistered_or_delisted,0.6701115796407933,1,71.7
0001744659,"Akero Therapeutics, Inc.",deregistered_or_delisted,0.23729506324682645,0.6689469220251253,0.09375801472804808,deregistered_or_delisted,0.6689469220251253,1,71.6
0001516479,"Insys Therapeutics, Inc.",deregistered_or_delisted,0.2112581366618773,0.638029451166455,0.15071241217166775,deregistered_or_delisted,0.638029451166455,1,71.3
0001740547,Urovant Sciences Ltd.,deregistered_or_delisted,0.17214544541488763,0.5968290846745306,0.2310254699105819,deregistered_or_delisted,0.5968290846745306,1,71.2
0001478121,Pfenex Inc.,deregistered_or_delisted,0.18735003392456295,0.6098839057235546,0.20276606035188208,deregistered_or_delisted,0.6098839057235546,1,71.1
0001400482,Acucela Inc,deregistered_or_delisted,0.16780341288762635,0.5799308999231497,0.25226568718922393,deregistered_or_delisted,0.5799308999231497,1,70.6
0001477598,"Omthera Pharmaceuticals, Inc.",deregistered_or_delisted,0.1653280306558225,0.5775106170420902,0.25716135230208725,deregistered_or_delisted,0.5775106170420902,1,70.6
0001785173,"89bio, Inc.",deregistered_or_delisted,0.21417238975156788,0.6151626548976915,0.1706649553507405,deregistered_or_delisted,0.6151626548976915,1,70.0
0001481512,"Ra Pharmaceuticals, Inc.",deregistered_or_delisted,0.17503145348108512,0.5713123126661241,0.2536562338527907,deregistered_or_delisted,0.5713123126661241,1,69.8
0001629137,"Global Blood Therapeutics, Inc.",deregistered_or_delisted,0.15141357563951263,0.5461036816418166,0.30248274271867115,deregistered_or_delisted,0.5461036816418166,1,69.7
0001429386,"PHASERX, INC.",deregistered_or_delisted,0.17032865824910942,0.560388113294325,0.2692832284565655,deregistered_or_delisted,0.560388113294325,1,69.5
0001597553,"Sage Therapeutics, Inc.",deregistered_or_delisted,0.22623104808975897,0.6066988968541382,0.16707005505610265,deregistered_or_delisted,0.6066988968541382,1,69.0
0001509190,"ARATANA THERAPEUTICS, INC.",deregistered_or_delisted,0.22092169935527164,0.5985259109517542,0.1805523896929741,deregistered_or_delisted,0.5985259109517542,1,68.9
0001724344,Entasis Therapeutics Holdings Inc.,deregistered_or_delisted,0.25328534782178375,0.6274145111607623,0.119300141017454,deregistered_or_delisted,0.6274145111607623,1,68.7
0001509697,"Civitas Therapeutics, Inc.",stalled_filing,0.06312321194685416,0.43738306116326514,0.4994937268898804,stalled_filing,0.4994937268898804,1,68.7
0001496323,"IGM Biosciences, Inc.",deregistered_or_delisted,0.25323548277580027,0.6205619847836963,0.12620253244050328,deregistered_or_delisted,0.6205619847836963,1,68.4
0000827871,"EAGLE PHARMACEUTICALS, INC.",deregistered_or_delisted,0.27917433747410975,0.6368602966743476,0.08396536585154264,deregistered_or_delisted,0.6368602966743476,1,67.9
0001442835,KOLLTAN PHARMACEUTICALS INC,stalled_filing,0.12471568134738675,0.4790146273284684,0.3962696913241448,deregistered_or_delisted,0.4790146273284684,0,67.7
0001434868,Esperion Therapeutics Inc,deregistered_or_delisted,0.32602207692925206,0.666810573343972,0.007167349726775957,deregistered_or_delisted,0.666810573343972,1,67.0
0001525145,"Peloton Therapeutics, Inc.",stalled_filing,0.08510853674710324,0.42412771450224435,0.4907637487506525,stalled_filing,0.4907637487506525,1,67.0
0001660719,Aralez Pharmaceuticals Inc.,deregistered_or_delisted,0.20394581029389436,0.5373198681373759,0.25873432156872955,deregistered_or_delisted,0.5373198681373759,1,66.7
0001419600,Flexion Therapeutics Inc,deregistered_or_delisted,0.1968014439631202,0.5069499782089456,0.2962485778279342,deregistered_or_delisted,0.5069499782089456,1,65.5
0001685071,"Dova Pharmaceuticals, Inc.",deregistered_or_delisted,0.21858850206234745,0.5274912649639698,0.2539202329736827,deregistered_or_delisted,0.5274912649639698,1,65.4
0001338095,"NephroGenex, Inc.",deregistered_or_delisted,0.2314642458054717,0.5338863778297764,0.2346493763647517,deregistered_or_delisted,0.5338863778297764,1,65.1
0001626199,"ALPINE IMMUNE SCIENCES, INC.",deregistered_or_delisted,0.19641735851694,0.48751631511362653,0.3160663263694333,deregistered_or_delisted,0.48751631511362653,1,64.6
0001592052,Centrexion Therapeutics Corp,stalled_filing,0.04928171972301923,0.33964806131945446,0.6110702189575264,stalled_filing,0.6110702189575264,1,64.5
0001293971,"bluebird bio, Inc.",deregistered_or_delisted,0.264016335027798,0.552732230871317,0.1832514341008854,deregistered_or_delisted,0.552732230871317,1,64.4
0001652923,"AveXis, Inc.",deregistered_or_delisted,0.264016335027798,0.552732230871317,0.1832514341008854,deregistered_or_delisted,0.552732230871317,1,64.4
0001515740,PREMIER BIOMEDICAL INC,deregistered_or_delisted,0.264016335027798,0.552732230871317,0.1832514341008854,deregistered_or_delisted,0.552732230871317,1,64.4
0001739174,BiomX Inc.,actively_filing,0.264016335027798,0.552732230871317,0.1832514341008854,deregistered_or_delisted,0.552732230871317,0,64.4
0001513157,"Lumena Pharmaceuticals, Inc.",stalled_filing,0.15416114783174,0.44009723550709107,0.4057416166611693,deregistered_or_delisted,0.44009723550709107,0,64.3
0001670356,Abpro Corp,deregistered_or_delisted,0.20160214638477159,0.4805638922481164,0.3178339613671121,deregistered_or_delisted,0.4805638922481164,1,63.9
0001733413,"TFF Pharmaceuticals, Inc.",deregistered_or_delisted,0.20416220827345163,0.4631263915712115,0.3327114001553371,deregistered_or_delisted,0.4631263915712115,1,62.9
0001566044,"Menlo Therapeutics, Inc.",actively_filing,0.35135772997392656,0.6025667543632098,0.04607551566286335,deregistered_or_delisted,0.6025667543632098,0,62.6
0001471002,"Cancer Prevention Pharmaceuticals, Inc.",stalled_filing,0.12017522305554695,0.3692877367958553,0.5105370401485976,stalled_filing,0.5105370401485976,1,62.5
0001300699,"Athenex, Inc.",deregistered_or_delisted,0.2789669811119525,0.5275582903329953,0.19347472855505216,deregistered_or_delisted,0.5275582903329953,1,62.4
0001533040,Phio Pharmaceuticals Corp.,actively_filing,0.24468402173081485,0.49248704583538044,0.2628289324338048,deregistered_or_delisted,0.49248704583538044,0,62.4
0001697532,Applied Therapeutics Inc.,deregistered_or_delisted,0.2372903720145072,0.47513174031684613,0.2875778876686466,deregistered_or_delisted,0.47513174031684613,1,61.9
0001205922,Vaccinex Inc,deregistered_or_delisted,0.3299046852011006,0.5656962806492657,0.1043990341496337,deregistered_or_delisted,0.5656962806492657,1,61.8
0001339469,"CHIASMA, INC",deregistered_or_delisted,0.25792754853003846,0.4857524722722302,0.25631997919773136,deregistered_or_delisted,0.4857524722722302,1,61.4
0001390085,ANTERIOS INC,stalled_filing,0.10097574231267574,0.32453035618691106,0.5744939015004135,stalled_filing,0.5744939015004135,1,61.2
0001538928,Viamet Pharmaceuticals Holdings LLC,stalled_filing,0.1745398590169844,0.3971158318650072,0.4283443091180086,stalled_filing,0.4283443091180086,1,61.1
0001409690,"Tobira Therapeutics, Inc.",stalled_filing,0.1297334604641036,0.34675508817753575,0.523511451358361,stalled_filing,0.523511451358361,1,60.9
0001264587,STEMLINE THERAPEUTICS INC,deregistered_or_delisted,0.2445108871746395,0.46278879517270943,0.2927003176526511,deregistered_or_delisted,0.46278879517270943,1,60.9
0001638851,"Inpellis, Inc.",stalled_filing,0.18814081803323837,0.40063977920934796,0.4112194027574138,stalled_filing,0.4112194027574138,1,60.6
0001619087,SteadyMed Ltd.,deregistered_or_delisted,0.2066551811024813,0.41062764955476283,0.3827171693427559,deregistered_or_delisted,0.41062764955476283,1,60.2
0001582554,"Matinas BioPharma Holdings, Inc.",actively_filing,0.264350860819262,0.4493283920012041,0.28632074717953365,deregistered_or_delisted,0.4493283920012041,0,59.2
0001702956,"Cirius Therapeutics, Inc.",stalled_filing,0.12635183362713678,0.3106535630780522,0.5629946032948113,stalled_filing,0.5629946032948113,1,59.2
0001290149,ProNAi Therapeutics Inc,deregistered_or_delisted,0.25463157934454456,0.4314886438213969,0.31387977683405865,deregistered_or_delisted,0.4314886438213969,1,58.8
0001596126,"Dance Biopharm, Inc.",stalled_filing,0.14645263024020938,0.3142263556705878,0.5393210140892031,stalled_filing,0.5393210140892031,1,58.4
0001461993,"CEMPRA, INC.",deregistered_or_delisted,0.2586901979949172,0.42156026315711187,0.31974953884797097,deregistered_or_delisted,0.42156026315711187,1,58.1
0001597264,Blueprint Medicines Corp,deregistered_or_delisted,0.2272212955882464,0.38150028214255044,0.3912784222692028,stalled_filing,0.3912784222692028,0,57.7
0001641908,"SANCILIO PHARMACEUTICALS COMPANY, INC.",stalled_filing,0.22431439783266968,0.3703119576470475,0.40537364452028285,stalled_filing,0.40537364452028285,1,57.3
0001445283,"PROTEOSTASIS THERAPEUTICS, INC.",actively_filing,0.3428624395937893,0.4867973973131096,0.17034016309310118,deregistered_or_delisted,0.4867973973131096,0,57.2
0001753483,Dermavant Sciences Ltd,stalled_filing,0.11112844291805013,0.25364056076867114,0.6352309963132786,stalled_filing,0.6352309963132786,1,57.1
0001661998,"Homology Medicines, Inc.",actively_filing,0.24767723001071493,0.385183497450734,0.3671392725385513,deregistered_or_delisted,0.385183497450734,0,56.9
0001478069,CONTRAFECT Corp,stalled_filing,0.19173016595151146,0.3183277504399101,0.4899420836085789,stalled_filing,0.4899420836085789,1,56.3
0001594337,"Corium International, Inc.",deregistered_or_delisted,0.3203743482302954,0.43558617268372857,0.244039479085976,deregistered_or_delisted,0.43558617268372857,1,55.8
0001428369,THAR PHARMACEUTICALS INC,stalled_filing,0.09978231956476619,0.2161249831540681,0.6840926972811658,stalled_filing,0.6840926972811658,1,55.8
0001505512,Regulus Therapeutics Inc.,deregistered_or_delisted,0.2716217980523803,0.38199780199566924,0.34638039995195036,deregistered_or_delisted,0.38199780199566924,1,55.5
0001537917,"TYME TECHNOLOGIES, INC.",deregistered_or_delisted,0.20503185980389238,0.31415326918676495,0.4808148710093426,stalled_filing,0.4808148710093426,0,55.5
0001557421,"Ignyta, Inc.",deregistered_or_delisted,0.20503185980389238,0.31415326918676495,0.4808148710093426,stalled_filing,0.4808148710093426,0,55.5
0001582636,"ALZHEON, INC.",stalled_filing,0.08349411545276465,0.18052531970231886,0.7359805648449165,stalled_filing,0.7359805648449165,1,54.9
0001404644,"AQUINOX PHARMACEUTICALS, INC",actively_filing,0.38904668954279187,0.47996803179563186,0.13098527866157622,deregistered_or_delisted,0.47996803179563186,0,54.5
0001636050,Axovant Sciences Ltd.,stalled_filing,0.13307570724380455,0.222122901101726,0.6448013916544695,stalled_filing,0.6448013916544695,1,54.5
0001613723,"S1 Biopharma, Inc.",stalled_filing,0.11864074463458608,0.2049902075580306,0.6763690478073839,stalled_filing,0.6763690478073839,1,54.3
0001588172,Aptalis Holdings Inc.,stalled_filing,0.16732113253029293,0.24932043089149164,0.5833584365782153,stalled_filing,0.5833584365782153,1,54.1
0001584137,"Oncolix, Inc.",stalled_filing,0.11676357866641199,0.19049521529827426,0.692741206035314,stalled_filing,0.692741206035314,1,53.7
0001618835,"Evofem Biosciences, Inc.",actively_filing,0.35232660163396995,0.41542805233231844,0.23224534603371164,deregistered_or_delisted,0.41542805233231844,0,53.2
0001586105,Egalet Corp,stalled_filing,0.1286905534622074,0.1904542442889556,0.680855202248837,stalled_filing,0.680855202248837,1,53.1
0001426375,"Visterra, Inc.",stalled_filing,0.1426108728207325,0.2025002544023247,0.6548888727769426,stalled_filing,0.6548888727769426,1,53.0
0001588972,"Recro Pharma, Inc.",deregistered_or_delisted,0.2663266804174382,0.3226206647605596,0.4110526548220019,stalled_filing,0.4110526548220019,0,52.8
0001621443,"Zynerba Pharmaceuticals, Inc.",deregistered_or_delisted,0.2663266804174382,0.3226206647605596,0.4110526548220019,stalled_filing,0.4110526548220019,0,52.8
0001544238,"CARDAX, INC.",stalled_filing,0.17164730522729346,0.21883923873666244,0.6095134560360439,stalled_filing,0.6095134560360439,1,52.4
0001638287,Gemphire Therapeutics Inc.,actively_filing,0.3420853873297354,0.38864980460446263,0.26926480806580205,deregistered_or_delisted,0.38864980460446263,0,52.3
0001635886,"BioCardia, Inc.",stalled_filing,0.13622685876694451,0.16596499260120517,0.6978081486318503,stalled_filing,0.6978081486318503,1,51.5
0001264647,AMBRX INC,stalled_filing,0.16100834377760342,0.18327255546745216,0.6557191007549446,stalled_filing,0.6557191007549446,1,51.1
0001682639,"EYENOVIA, INC.",actively_filing,0.4284374710428438,0.44804418809689694,0.12351834086025919,deregistered_or_delisted,0.44804418809689694,0,51.0
0001622229,"Unum Therapeutics, Inc.",actively_filing,0.4298017925851159,0.4456176410382415,0.12458056637664272,deregistered_or_delisted,0.4456176410382415,0,50.8
0001720580,"resTORbio, Inc.",actively_filing,0.42722730173579593,0.4388920484462233,0.13388064981798073,deregistered_or_delisted,0.4388920484462233,0,50.6
0001553643,"RELMADA THERAPEUTICS, INC.",actively_filing,0.290198079246431,0.2981893654830474,0.4116125552705212,stalled_filing,0.4116125552705212,0,50.4
0001488039,Atossa Genetics Inc,actively_filing,0.27063044923261964,0.27625469622662413,0.45311485454075606,stalled_filing,0.45311485454075606,0,50.3
0001541157,Celsus Therapeutics Plc.,actively_filing,0.29351750264367427,0.28800919541827374,0.41847330193805216,stalled_filing,0.41847330193805216,0,49.7
0001600132,"Bellerophon Therapeutics, Inc.",deregistered_or_delisted,0.29351750264367427,0.28800919541827374,0.41847330193805216,stalled_filing,0.41847330193805216,0,49.7
0001374261,Virobay Inc,stalled_filing,0.14551872687164186,0.13940440339070947,0.7150768697376486,stalled_filing,0.7150768697376486,1,49.7
0001717452,"Odonate Therapeutics, LLC",deregistered_or_delisted,0.23048623260257428,0.21741443460577592,0.5520993327916497,stalled_filing,0.5520993327916497,0,49.3
0001648419,Aralez Pharmaceuticals Ltd,stalled_filing,0.23048623260257428,0.21741443460577592,0.5520993327916497,stalled_filing,0.5520993327916497,1,49.3
0001589150,Regen BioPharma Inc,actively_filing,0.23048623260257428,0.21741443460577592,0.5520993327916497,stalled_filing,0.5520993327916497,0,49.3
0001497504,"Dipexium Pharmaceuticals, LLC",deregistered_or_delisted,0.23048623260257428,0.21741443460577592,0.5520993327916497,stalled_filing,0.5520993327916497,0,49.3
0001613490,MultiVir Inc.,stalled_filing,0.23048623260257428,0.21741443460577592,0.5520993327916497,stalled_filing,0.5520993327916497,1,49.3
0001509261,"AntriaBio, Inc.",actively_filing,0.23048623260257428,0.21741443460577592,0.5520993327916497,stalled_filing,0.5520993327916497,0,49.3
0001688765,"Braeburn Pharmaceuticals, Inc.",stalled_filing,0.224674539487071,0.2083427549534668,0.5669827055594623,stalled_filing,0.5669827055594623,1,49.2
0001164994,"Rib-X Pharmaceuticals, Inc.",stalled_filing,0.2508284804452285,0.23537535727849682,0.5137961622762746,stalled_filing,0.5137961622762746,1,49.2
0001516551,"Nemus Bioscience, Inc.",actively_filing,0.2239096071935973,0.20554930875928515,0.5705410840471175,stalled_filing,0.5705410840471175,0,49.1
0001540159,"Stellar Biotechnologies, Inc.",actively_filing,0.2239096071935973,0.20554930875928515,0.5705410840471175,stalled_filing,0.5705410840471175,0,49.1
0001643848,Patheon N.V.,deregistered_or_delisted,0.2239096071935973,0.20554930875928515,0.5705410840471175,stalled_filing,0.5705410840471175,0,49.1
0001684144,Zomedica Pharmaceuticals Corp.,actively_filing,0.2239096071935973,0.20554930875928515,0.5705410840471175,stalled_filing,0.5705410840471175,0,49.1
0001618561,Nexvet Biopharma plc,deregistered_or_delisted,0.2239096071935973,0.20554930875928515,0.5705410840471175,stalled_filing,0.5705410840471175,0,49.1
0001537663,"Health-Right Discoveries, Inc.",stalled_filing,0.2239096071935973,0.20554930875928515,0.5705410840471175,stalled_filing,0.5705410840471175,1,49.1
0001772028,Scopus Biopharma Inc.,deregistered_or_delisted,0.2239096071935973,0.20554930875928515,0.5705410840471175,stalled_filing,0.5705410840471175,0,49.1
0001739426,Osmotica Pharmaceuticals plc,deregistered_or_delisted,0.2239096071935973,0.20554930875928515,0.5705410840471175,stalled_filing,0.5705410840471175,0,49.1
0001657598,"Adgero Biopharmaceuticals Holdings, Inc.",stalled_filing,0.2239096071935973,0.20554930875928515,0.5705410840471175,stalled_filing,0.5705410840471175,1,49.1
0001569340,"Cell Source, Inc.",actively_filing,0.2239096071935973,0.20554930875928515,0.5705410840471175,stalled_filing,0.5705410840471175,0,49.1
0001689066,Sunset Island Group,stalled_filing,0.2239096071935973,0.20554930875928515,0.5705410840471175,stalled_filing,0.5705410840471175,1,49.1
0001602413,"Vyrix Pharmaceuticals, Inc.",stalled_filing,0.2239096071935973,0.20554930875928515,0.5705410840471175,stalled_filing,0.5705410840471175,1,49.1
0001552899,"AUDEO ONCOLOGY, INC.",stalled_filing,0.2239096071935973,0.20554930875928515,0.5705410840471175,stalled_filing,0.5705410840471175,1,49.1
0001590930,"MICROLIN BIO, INC.",stalled_filing,0.2239096071935973,0.20554930875928515,0.5705410840471175,stalled_filing,0.5705410840471175,1,49.1
0001574235,"Ruthigen, Inc.",actively_filing,0.2239096071935973,0.20554930875928515,0.5705410840471175,stalled_filing,0.5705410840471175,0,49.1
0001662907,"IASO BioMed, Inc.",stalled_filing,0.2239096071935973,0.20554930875928515,0.5705410840471175,stalled_filing,0.5705410840471175,1,49.1
0001029125,"Sun BioPharma, Inc.",actively_filing,0.2239096071935973,0.20554930875928515,0.5705410840471175,stalled_filing,0.5705410840471175,0,49.1
0001580149,"NANOANTIBIOTICS, INC.",actively_filing,0.2239096071935973,0.20554930875928515,0.5705410840471175,stalled_filing,0.5705410840471175,0,49.1
0001566373,"Spring Bank Pharmaceuticals, Inc.",deregistered_or_delisted,0.2239096071935973,0.20554930875928515,0.5705410840471175,stalled_filing,0.5705410840471175,0,49.1
0001517681,"Propanc Biopharma, Inc.",actively_filing,0.2239096071935973,0.20554930875928515,0.5705410840471175,stalled_filing,0.5705410840471175,0,49.1
0001561551,"Enumeral Biomedical Holdings, Inc.",stalled_filing,0.2239096071935973,0.20554930875928515,0.5705410840471175,stalled_filing,0.5705410840471175,1,49.1
0001615999,Kannalife Inc,stalled_filing,0.2239096071935973,0.20554930875928515,0.5705410840471175,stalled_filing,0.5705410840471175,1,49.1
0001522602,"CohBar, Inc.",deregistered_or_delisted,0.2239096071935973,0.20554930875928515,0.5705410840471175,stalled_filing,0.5705410840471175,0,49.1
0001630970,"Accelerated Pharma, Inc.",stalled_filing,0.13519687503998243,0.10373196675375768,0.7610711582062598,stalled_filing,0.7610711582062598,1,48.4
0001401914,Cerulean Pharma Inc.,actively_filing,0.3690515342788253,0.3365330338922026,0.29441543182897223,actively_filing,0.3690515342788253,1,48.4
0001291520,PLX PHARMA INC.,stalled_filing,0.19121069338843996,0.1580102630900476,0.6507790435215125,stalled_filing,0.6507790435215125,1,48.3
0001374690,"ZAFGEN, INC.",actively_filing,0.4911330536304568,0.45575365753123065,0.053113288838312483,actively_filing,0.4911330536304568,1,48.2
0001420565,AILERON THERAPEUTICS INC,actively_filing,0.4986901230573213,0.4581247911022063,0.04318508584047231,actively_filing,0.4986901230573213,1,48.0
0001326110,"Conkwest, Inc.",actively_filing,0.48746169693338604,0.4459908288281401,0.06654747423847394,actively_filing,0.48746169693338604,1,47.9
0001534120,Cerecor Inc.,actively_filing,0.3711561043205943,0.32491186706975594,0.3039320286096501,actively_filing,0.3711561043205943,1,47.7
0001683743,LBC Bioscience Inc.,stalled_filing,0.15799454688762357,0.10737297367011008,0.7346324794422664,stalled_filing,0.7346324794422664,1,47.5
0001718644,"Zander Therapeutics, Inc",stalled_filing,0.1515332968876236,0.10015630700344341,0.748310396108933,stalled_filing,0.748310396108933,1,47.4
0001559149,"PAR PHARMACEUTICAL HOLDINGS, INC.",stalled_filing,0.16408364243773588,0.1084939841608578,0.7274223734014064,stalled_filing,0.7274223734014064,1,47.2
0001615219,"Flex Pharma, Inc.",actively_filing,0.491945633782364,0.4347234418223344,0.07333092439530185,actively_filing,0.491945633782364,1,47.1
0001037643,PARATEK PHARMACEUTICALS INC,stalled_filing,0.19027772286977765,0.1269214292543855,0.6828008478758367,stalled_filing,0.6828008478758367,1,46.8
0001776985,BioNTech SE,stalled_filing,0.20912398474667016,0.13972339279092139,0.6511526224624083,stalled_filing,0.6511526224624083,1,46.5
0001636282,"Aeglea BioTherapeutics, Inc.",actively_filing,0.48395248209341063,0.41096593592283637,0.10508158198375309,actively_filing,0.48395248209341063,1,46.4
0001651625,AC Immune SA,stalled_filing,0.15362111501065873,0.08187351360343886,0.7645053713859024,stalled_filing,0.7645053713859024,1,46.4
0001685462,"Shuttle Pharmaceuticals, Inc.",stalled_filing,0.2412699819813946,0.1576603972912066,0.6010696207273984,stalled_filing,0.6010696207273984,1,45.8
0001401040,DiaMedica Therapeutics Inc.,actively_filing,0.5183305532439667,0.39387026713454226,0.08779917962149122,actively_filing,0.5183305532439667,1,43.8
0001723980,China Sxt Pharms Inc,stalled_filing,0.2142559411198226,0.08852615964543213,0.6972178992347458,stalled_filing,0.6972178992347458,1,43.7
0001253689,GLYCOMIMETICS INC,actively_filing,0.49049716251912673,0.36000444812481297,0.14949838935606022,actively_filing,0.49049716251912673,1,43.5
0001612042,Ascendis Pharma A/S,stalled_filing,0.2664203146606087,0.13172513906497724,0.6018545462744139,stalled_filing,0.6018545462744139,1,43.3
0001708688,InflaRx NV (Fireman BV?),stalled_filing,0.24211989743514084,0.0940541293230884,0.6638259732417713,stalled_filing,0.6638259732417713,1,42.6
0001434647,"KEMPHARM, INC",actively_filing,0.36672775714619876,0.21879408494884128,0.41447815790495957,stalled_filing,0.41447815790495957,0,42.6
0001557142,"Kadmon Holdings, Inc.",stalled_filing,0.25951253251407647,0.1097944915264098,0.6306929759595138,stalled_filing,0.6306929759595138,1,42.5
0001684693,Sol-Gel Technologies Ltd,stalled_filing,0.2863628795221781,0.13082083913766968,0.5828162813401523,stalled_filing,0.5828162813401523,1,42.2
0001745999,Beam Therapeutics Inc.,actively_filing,0.551048854161511,0.39250397190818254,0.05644717393030681,actively_filing,0.551048854161511,1,42.1
0001130598,"Onconova Therapeutics, Inc.",actively_filing,0.4214948815478165,0.2579155720822601,0.3205895463699234,actively_filing,0.4214948815478165,1,41.8
0001398733,Aquestive Therapeutics Inc,actively_filing,0.4723244824702513,0.29366718501001016,0.23400833251973852,actively_filing,0.4723244824702513,1,41.1
0001681087,"AVROBIO, Inc.",actively_filing,0.5642755273005435,0.384539348738865,0.05118512396059165,actively_filing,0.5642755273005435,1,41.0
0001535955,Lipocine Inc.,actively_filing,0.44612244116270894,0.26155734490501703,0.29232021393227425,actively_filing,0.44612244116270894,1,40.8
0001472091,PDS Biotechnology Corp,actively_filing,0.5643657727265438,0.37525286128088553,0.06038136599257084,actively_filing,0.5643657727265438,1,40.5
0001662774,"Cortexyme, Inc.",actively_filing,0.5845393119613964,0.3832458588144661,0.032214829224137674,actively_filing,0.5845393119613964,1,39.9
0001709626,NuCana plc,stalled_filing,0.2796230031317662,0.07514442179440856,0.6452325750738251,stalled_filing,0.6452325750738251,1,39.8
0001649989,"Outlook Therapeutics, Inc.",actively_filing,0.5673135356372769,0.3259924487009888,0.10669401566173434,actively_filing,0.5673135356372769,1,37.9
0001419041,Tocagen Inc,actively_filing,0.597953981712431,0.3544682634550614,0.04757775483250751,actively_filing,0.597953981712431,1,37.8
0001711786,"Hoth Therapeutics, Inc.",actively_filing,0.522513662815188,0.27697997102349275,0.20050636616131937,actively_filing,0.522513662815188,1,37.7
0000921299,FIBROGEN INC,actively_filing,0.39401755858090864,0.14240853461140654,0.46357390680768495,stalled_filing,0.46357390680768495,0,37.4
0001404281,"Novus Therapeutics, Inc.",actively_filing,0.39401755858090864,0.14240853461140654,0.46357390680768495,stalled_filing,0.46357390680768495,0,37.4
0001297184,Amphastar Pharmaceuticals Inc,actively_filing,0.56842766002918,0.30529797127095626,0.1262743686998639,actively_filing,0.56842766002918,1,36.8
0001453687,SELECTA BIOSCIENCES INC,actively_filing,0.5604338002398999,0.292119400941852,0.1474467988182482,actively_filing,0.5604338002398999,1,36.6
0001372514,EYEGATE PHARMACEUTICALS INC,actively_filing,0.5441827244741231,0.26528137808176055,0.19053589744411675,actively_filing,0.5441827244741231,1,36.1
0001280776,VITAL THERAPIES INC,actively_filing,0.6119716906780722,0.31804129991816077,0.06998700940376704,actively_filing,0.6119716906780722,1,35.3
0001598646,Minerva Neurosciences Inc,actively_filing,0.4468711382435275,0.12269469794773537,0.4304341638087373,actively_filing,0.4468711382435275,1,33.8
0001359931,PROTEON THERAPEUTICS INC,actively_filing,0.6111830690927468,0.26174489143916857,0.12707203946808474,actively_filing,0.6111830690927468,1,32.5
0001339970,aTYR PHARMA INC,actively_filing,0.6348263697876326,0.2776774280033878,0.08749620220897984,actively_filing,0.6348263697876326,1,32.1
0001476963,"HEAT BIOLOGICS, INC.",actively_filing,0.6427766652197405,0.25431202198582176,0.10291131279443762,actively_filing,0.6427766652197405,1,30.6
0001703647,"Frequency Therapeutics, Inc.",actively_filing,0.6857552661455548,0.2891941557515839,0.025050578102861362,actively_filing,0.6857552661455548,1,30.2
0001477845,"Annovis Bio, Inc.",actively_filing,0.6187991804230083,0.2103453868905091,0.1708554326864828,actively_filing,0.6187991804230083,1,29.6
0001612940,ProQR Therapeutics BV,stalled_filing,0.4387474870828114,0.024921644583089087,0.5363308683340994,stalled_filing,0.5363308683340994,1,29.3
0001346830,"Cara Therapeutics, Inc.",actively_filing,0.6575375842194761,0.23840442767554076,0.10405798810498298,actively_filing,0.6575375842194761,1,29.0
0001601485,Angion Biomedica Corp.,actively_filing,0.6418911140994495,0.21615057435410442,0.1419583115464461,actively_filing,0.6418911140994495,1,28.7
0001761612,Bicycle Therapeutics Ltd,actively_filing,0.6047473065001833,0.16639729035957632,0.22885540314024042,actively_filing,0.6047473065001833,1,28.1
0001690585,"Magenta Therapeutics, Inc.",actively_filing,0.7076139123122955,0.2689968030461776,0.023389284641526942,actively_filing,0.7076139123122955,1,28.1
0001509745,"LEAP THERAPEUTICS, INC.",actively_filing,0.6597239311489941,0.21725346033041937,0.12302260852058648,actively_filing,0.6597239311489941,1,27.9
0001281895,INOTEK PHARMACEUTICALS CORP,actively_filing,0.6884353954597384,0.21902189924330132,0.09254270529696035,actively_filing,0.6884353954597384,1,26.5
0001650648,4D Molecular Therapeutics Inc,actively_filing,0.7179219864977223,0.23387048636953775,0.048207527132739764,actively_filing,0.7179219864977223,1,25.8
0001590560,uniQure BV,actively_filing,0.5981844814237136,0.1126523341117766,0.28916318446450967,actively_filing,0.5981844814237136,1,25.7
0001723128,"Amneal Pharmaceuticals, Inc.",actively_filing,0.7021747764490328,0.19574940762638143,0.10207581592458567,actively_filing,0.7021747764490328,1,24.7
0001501697,"Arsanis, Inc.",actively_filing,0.7459151298204564,0.22400288107949837,0.030081989100045208,actively_filing,0.7459151298204564,1,23.9
0001711754,Inmune Bio Inc,actively_filing,0.6733206000662963,0.12237813104276553,0.20430126889093794,actively_filing,0.6733206000662963,1,22.5
0001819576,Liquidia Technologies Inc,actively_filing,0.6788244774327521,0.1245048994551507,0.1966706231120973,actively_filing,0.6788244774327521,1,22.3
0001468748,Kodiak Sciences Inc,actively_filing,0.7191605020275874,0.16206128213997212,0.11877821583244019,actively_filing,0.7191605020275874,1,22.1
0001626878,XBiotech Inc,actively_filing,0.6790753748700592,0.10430331186205047,0.21662131326789053,actively_filing,0.6790753748700592,1,21.3
0001937653,Zymeworks Inc,actively_filing,0.7154838184825242,0.13054992097277304,0.15396626054470297,actively_filing,0.7154838184825242,1,20.8
0001555280,Zoetis Inc,actively_filing,0.7068316759420064,0.11738373482787874,0.1757845892301149,actively_filing,0.7068316759420064,1,20.5
0001177648,Enanta Pharmaceuticals Inc,actively_filing,0.713598672445308,0.09631336282383376,0.19008796473085848,actively_filing,0.713598672445308,1,19.1
0001651308,"BeiGene, Ltd.",actively_filing,0.7560244990797833,0.1332856357639248,0.11068986515629192,actively_filing,0.7560244990797833,1,18.9
0001070081,PTC Therapeutics Inc,actively_filing,0.735575885524015,0.11322055294135054,0.15120356153463438,actively_filing,0.735575885524015,1,18.9
0001437402,Ardelyx Inc,actively_filing,0.7745841153135429,0.14900097216214625,0.07641491252431093,actively_filing,0.7745841153135429,1,18.7
0001125345,MacroGenics,actively_filing,0.8067739357375158,0.17604215621650723,0.01718390804597701,actively_filing,0.8067739357375158,1,18.5
0001501989,CytomX Therapeutics Inc,actively_filing,0.79583052598894,0.15842202054515533,0.045747453465904836,actively_filing,0.79583052598894,1,18.1
0001641489,vTv Therapeutics Inc,actively_filing,0.7284666331046107,0.08059998538812092,0.19093338150726835,actively_filing,0.7284666331046107,1,17.6
0001582313,Xenon Pharmaceuticals Inc,actively_filing,0.7706776365647626,0.1212543874958392,0.10806797593939825,actively_filing,0.7706776365647626,1,17.5
0001563577,Galera Therapeutics Inc,actively_filing,0.7776245894037558,0.11900574469261628,0.103369665903628,actively_filing,0.7776245894037558,1,17.1
0001382101,Sutro Biopharma Inc,actively_filing,0.8,0.14,0.06,actively_filing,0.8,1,17.0
0001408443,Milestone Pharmaceuticals Inc,actively_filing,0.8298402850644826,0.1588130395829415,0.011346675352576042,actively_filing,0.8298402850644826,1,16.4
0001638097,Entera Bio Ltd,actively_filing,0.8044682018533704,0.11144171190518687,0.08409008624144274,actively_filing,0.8044682018533704,1,15.3
0001178253,SCYNEXIS Inc,actively_filing,0.8449935184544084,0.11484289087192029,0.04016359067367134,actively_filing,0.8449935184544084,1,13.5
0001326732,Xencor Inc,actively_filing,0.855,0.12,0.025,actively_filing,0.855,1,13.2
0001557746,Aclaris Therapeutics Inc,actively_filing,0.8283005156706967,0.09077974213771466,0.08091974219158886,actively_filing,0.8283005156706967,1,13.1
0001728117,Gossamer Bio Inc,actively_filing,0.8446307655383802,0.0989283044671595,0.05644092999445985,actively_filing,0.8446307655383802,1,12.7
0001668243,Urogen Pharma Ltd,actively_filing,0.8338675586183808,0.08033072750393362,0.08580171387768566,actively_filing,0.8338675586183808,1,12.3
0001727196,Scholar Rock Holding Corp,actively_filing,0.8695014974296614,0.113514767608595,0.01698373496174345,actively_filing,0.8695014974296614,1,12.2
0001357874,Precision Biosciences Inc,actively_filing,0.8471842631252617,0.08968509950266167,0.0631306373720765,actively_filing,0.8471842631252617,1,12.1
0001729427,CNS Pharmaceuticals Inc,actively_filing,0.7991380782675838,0.025060443620848603,0.17580147811156796,actively_filing,0.7991380782675838,1,11.3
0001653087,Alector Inc,actively_filing,0.8863725002546952,0.0986274997453048,0.015,actively_filing,0.8863725002546952,1,10.6
0001682852,Moderna Inc,actively_filing,0.8456323731162767,0.05735141271819539,0.09701621416552784,actively_filing,0.8456323731162767,1,10.6
0001526119,Verastem Inc,actively_filing,0.8389625480611542,0.04798344100303145,0.1130540109358143,actively_filing,0.8389625480611542,1,10.5
0001267565,Collegium Pharmaceutical Inc,actively_filing,0.8744140756600599,0.08080003324083572,0.04478589109910446,actively_filing,0.8744140756600599,1,10.3
0001590877,Regenxbio Inc,actively_filing,0.882778820498048,0.08631381582588443,0.03090736367606775,actively_filing,0.882778820498048,1,10.2
0001781983,Aprea Therapeutics Inc,actively_filing,0.9007738646895274,0.09922613531047265,0.0,actively_filing,0.9007738646895274,1,9.9
0001517022,Akebia Therapeutics Inc,actively_filing,0.8865356136979912,0.07902498956298179,0.03443939673902713,actively_filing,0.8865356136979912,1,9.6
0001434316,Fate Therapeutics,actively_filing,0.9015269732418055,0.09270741533072617,0.005765611427468391,actively_filing,0.9015269732418055,1,9.6
0001479419,Kala Pharmaceuticals Inc,actively_filing,0.9020026057525021,0.0926444936335643,0.005352900613933624,actively_filing,0.9020026057525021,1,9.5
0001707502,Solid Biosciences LLC,actively_filing,0.8971121959091792,0.08250983320947157,0.020377970881349357,actively_filing,0.8971121959091792,1,9.3
0001704292,Zai Lab Ltd,actively_filing,0.8982329651006588,0.07272498302985896,0.02904205186948239,actively_filing,0.8982329651006588,1,8.7
0001677940,Beyondspring Inc,actively_filing,0.9029606390095561,0.05639089266802312,0.040648468322420944,actively_filing,0.9029606390095561,1,7.7
0001515673,Ultragenyx Pharmaceutical,actively_filing,0.9144131128104181,0.0693929524313761,0.01619393475820559,actively_filing,0.9144131128104181,1,7.7
0001645460,Cue Biopharma Inc,actively_filing,0.875505253679554,0.025874161946505887,0.09862058437394039,actively_filing,0.875505253679554,1,7.5
0001649904,Rhythm Pharmaceuticals Inc,actively_filing,0.925,0.075,0.0,actively_filing,0.925,1,7.5
0001341235,Aldeyra Therapeutics Inc,actively_filing,0.9070077202189835,0.0568706982700098,0.03612158151100682,actively_filing,0.9070077202189835,1,7.5
0001377121,Protagonist Therapeutics Inc,actively_filing,0.9094657799028499,0.05840686804376846,0.03212735205338154,actively_filing,0.9094657799028499,1,7.4
0001512762,Coherus Biosciences Inc,actively_filing,0.9222178190108395,0.06900913730878507,0.00877304368037537,actively_filing,0.9222178190108395,1,7.3
0001730430,Kiniksa Pharmaceuticals LTD,actively_filing,0.9086906140990669,0.05319990476084591,0.038109481140087664,actively_filing,0.9086906140990669,1,7.2
0001607678,Viking Therapeutics Inc,actively_filing,0.8829575807155153,0.02570847642926609,0.09133394285521851,actively_filing,0.8829575807155153,1,7.1
0001676725,Ideaya Biosciences Inc,actively_filing,0.8965278707015629,0.03673970414640787,0.06673242515202926,actively_filing,0.8965278707015629,1,7.0
0001503802,Karyopharm Therapeutics,actively_filing,0.9075684997106356,0.04821005284668943,0.04422144744267533,actively_filing,0.9075684997106356,1,7.0
0001395937,Syndax Pharmaceuticals Inc,actively_filing,0.9329305439701252,0.06528947173726848,0.0017799842926063054,actively_filing,0.9329305439701252,1,6.6
0001730463,Autolus Therapeutics Ltd,actively_filing,0.9273406096718972,0.05649526880284547,0.01616412152525762,actively_filing,0.9273406096718972,1,6.5
0001658247,Crinetics Pharmaceuticals Inc,actively_filing,0.9298167586151047,0.053431450570885365,0.01675179081400978,actively_filing,0.9298167586151047,1,6.2
0001783183,Phathom Pharmaceuticals Inc,actively_filing,0.9089385743007606,0.031997896888942036,0.059063528810297486,actively_filing,0.9089385743007606,1,6.2
0001659617,Moleculin Biotech Inc,actively_filing,0.8992881076991615,0.019521257197217118,0.08119063510362177,actively_filing,0.8992881076991615,1,6.0
0001746466,Equillium,actively_filing,0.8992881076991615,0.019521257197217118,0.08119063510362177,actively_filing,0.8992881076991615,1,6.0
0001720893,Bioxcel Therapeutics Inc,actively_filing,0.8992881076991615,0.019521257197217118,0.08119063510362177,actively_filing,0.8992881076991615,1,6.0
0001570562,Evolus Inc,actively_filing,0.9362001110479086,0.05379988895209143,0.01,actively_filing,0.9362001110479086,1,5.9
0001393434,Ocular Therapeutix Inc,actively_filing,0.9311308934180268,0.046882537097840925,0.021986569484132204,actively_filing,0.9311308934180268,1,5.8
0001737953,Replimune Group Inc,actively_filing,0.9403035259905489,0.05469647400945111,0.005,actively_filing,0.9403035259905489,1,5.7
0001563880,Trevi Therapeutics Inc,actively_filing,0.940489675347961,0.054510324652038894,0.005,actively_filing,0.940489675347961,1,5.7
0001370053,AnaptysBio Inc,actively_filing,0.9319951041124028,0.04287978703298709,0.025125108854610074,actively_filing,0.9319951041124028,1,5.5
0001579428,Axsome Therapeutics Inc,actively_filing,0.9443619199646447,0.05240821704217354,0.003229862993181801,actively_filing,0.9443619199646447,1,5.4
0001660334,Verrica Pharmaceuticals Inc,actively_filing,0.95,0.05,0.0,actively_filing,0.95,1,5.0
0001759138,Cabaletta Bio Inc,actively_filing,0.9433465357148944,0.04142637317822213,0.01522709110688348,actively_filing,0.9433465357148944,1,4.9
0001595248,Genprex,actively_filing,0.9463019248415185,0.04084577296816148,0.012852302190319959,actively_filing,0.9463019248415185,1,4.7
0001759425,Mirum Pharmaceuticals Inc,actively_filing,0.9526175548589342,0.04238244514106583,0.005,actively_filing,0.9526175548589342,1,4.5
0001655759,Arvinas Holding Co LLC,actively_filing,0.944337591054588,0.03251022513388797,0.02315218381152401,actively_filing,0.944337591054588,1,4.4
0001581280,Twist Bioscience Corp,actively_filing,0.9410256149908335,0.025060004722044373,0.03391438028712202,actively_filing,0.9410256149908335,1,4.2
0001701108,Spero Therapeutics Inc,actively_filing,0.950586459043686,0.029413540956313957,0.02,actively_filing,0.950586459043686,1,3.9
0001714899,Denali Therapeutics Inc,actively_filing,0.955,0.03,0.015,actively_filing,0.955,1,3.8
0001609809,Seres Therapeutics Inc,actively_filing,0.9691232571988876,0.029234743215105365,0.001641999586007038,actively_filing,0.9691232571988876,1,3.0
0001640266,Voyager Therapeutics Inc,actively_filing,0.9626893688294929,0.01683385039641503,0.020476780774092047,actively_filing,0.9626893688294929,1,2.7
0001724521,Arcus Biosciences Inc,actively_filing,0.9726175548589342,0.02738244514106583,0.0,actively_filing,0.9726175548589342,1,2.7
0001636651,Ovid Therapeutics Inc,actively_filing,0.9741232571988876,0.024234743215105367,0.001641999586007038,actively_filing,0.9741232571988876,1,2.5
0001623526,Stoke Therapeutics Inc,actively_filing,0.9759548221248222,0.024045177875177723,0.0,actively_filing,0.9759548221248222,1,2.4
0001706431,Vir Biotechnology Inc,actively_filing,0.9764589400116482,0.02354105998835178,0.0,actively_filing,0.9764589400116482,1,2.4
0001711279,Krystal Biotech Inc,actively_filing,0.9643890307374967,0.011703587689803228,0.023907381572700132,actively_filing,0.9643890307374967,1,2.4
0001680581,Fulcrum Therapeutics Inc,actively_filing,0.9782225020748315,0.02013549833916146,0.001641999586007038,actively_filing,0.9782225020748315,1,2.1
0001674416,CRISPR Therapeutics AG,actively_filing,0.977953757449401,0.020609325604670204,0.0014369169459288106,actively_filing,0.977953757449401,1,2.1
0001650664,Editas Medicine Inc,actively_filing,0.9833372672658881,0.016662732734111892,0.0,actively_filing,0.9833372672658881,1,1.7
0001737287,Allogene Therapeutics Inc.,actively_filing,0.98,0.015,0.005,actively_filing,0.98,1,1.7
0001661059,NextCure Inc,actively_filing,0.98,0.015,0.005,actively_filing,0.98,1,1.7
0001743881,BridgeBio Pharma Inc,actively_filing,0.9876175548589342,0.01238244514106583,0.0,actively_filing,0.9876175548589342,1,1.2
0001735438,Meiragtx Holdings Plc,actively_filing,0.98,0.005,0.015,actively_filing,0.98,1,1.2
0001626971,Corvus Pharmaceuticals Inc,actively_filing,0.99,0.01,0.0,actively_filing,0.99,1,1.0
0001631574,WaVe Life Sciences Ltd,actively_filing,0.9914589400116482,0.008541059988351776,0.0,actively_filing,0.9914589400116482,1,0.9
